{"nextId":149,"logins":[{"id":121,"hostname":"https://studiolab.sagemaker.aws","httpRealm":null,"formSubmitURL":"https://studiolab.sagemaker.aws","usernameField":"username","passwordField":"password","encryptedUsername":"MFIEEPgAAAAAAAAAAAAAAAAAAAEwFAYIKoZIhvcNAwcECL++poTqvnRJBCg3YaisORf6RlmO7puXo860/q1zp/EpIP517jOZ6W4blGuwESSANtBf","encryptedPassword":"MDoEEPgAAAAAAAAAAAAAAAAAAAEwFAYIKoZIhvcNAwcECH2oXV5n0r6wBBCQe/kpkYp/CyXn/QvIcUdu","guid":"{0e5ea56b-df8a-4f02-a6de-096a32d9fdb6}","encType":1,"timeCreated":1734330387810,"timeLastUsed":1734330387810,"timePasswordChanged":1734330387810,"timesUsed":1,"syncCounter":1,"everSynced":false,"encryptedUnknownFields":"MDIEEPgAAAAAAAAAAAAAAAAAAAEwFAYIKoZIhvcNAwcECNg9nUpDBhuLBAjiRcLMGC8Gcw=="},{"id":122,"hostname":"https://studiolab.sagemaker.aws","httpRealm":null,"formSubmitURL":"https://studiolab.sagemaker.aws","usernameField":"username","passwordField":"password","encryptedUsername":"MFIEEPgAAAAAAAAAAAAAAAAAAAEwFAYIKoZIhvcNAwcECLD4F5qVHZXaBCgdBdRbCVh9xRdOtA28DMyIBtXEp1NDHVexof9MgJsYi2RrlZ1Mmug+","encryptedPassword":"MDoEEPgAAAAAAAAAAAAAAAAAAAEwFAYIKoZIhvcNAwcECJJpEupp7olYBBCf5Yo0T+3knaM+cC+Ehbg6","guid":"{f32bee0a-d716-4c08-97ea-bb17a4e553ac}","encType":1,"timeCreated":1734330433744,"timeLastUsed":1734330433744,"timePasswordChanged":1734330433744,"timesUsed":1,"syncCounter":1,"everSynced":false,"encryptedUnknownFields":"MDIEEPgAAAAAAAAAAAAAAAAAAAEwFAYIKoZIhvcNAwcECIR4upoH00vSBAgW5JtyLGbsHQ=="},{"id":123,"hostname":"https://studiolab.sagemaker.aws","httpRealm":null,"formSubmitURL":"https://studiolab.sagemaker.aws","usernameField":"username","passwordField":"password","encryptedUsername":"MEoEEPgAAAAAAAAAAAAAAAAAAAEwFAYIKoZIhvcNAwcECJyRlNnMjn6+BCANKGrw6nmbSji2lJI3RvpLFpN5EZjIHBlCHWOa03BBkg==","encryptedPassword":"MDoEEPgAAAAAAAAAAAAAAAAAAAEwFAYIKoZIhvcNAwcECPZEGSVGjiu/BBDZhB5ZWIAQj6ZRg0IVZHNT","guid":"{ae2367b5-bf6b-4d63-9a25-8741aba95260}","encType":1,"timeCreated":1734330496214,"timeLastUsed":1734330496214,"timePasswordChanged":1734330496214,"timesUsed":1,"syncCounter":1,"everSynced":false,"encryptedUnknownFields":"MDIEEPgAAAAAAAAAAAAAAAAAAAEwFAYIKoZIhvcNAwcECJylAsnsMLYBBAhjE+/Hd19LIQ=="},{"id":124,"hostname":"https://studiolab.sagemaker.aws","httpRealm":null,"formSubmitURL":"https://studiolab.sagemaker.aws","usernameField":"username","passwordField":"password","encryptedUsername":"MEoEEPgAAAAAAAAAAAAAAAAAAAEwFAYIKoZIhvcNAwcECCENf0sPesfXBCCGyB6ZisvhoJvEpELd8YBjOaPVG0vt+fgI9WKhrOZ3Aw==","encryptedPassword":"MDoEEPgAAAAAAAAAAAAAAAAAAAEwFAYIKoZIhvcNAwcECGwdyNgYH6PxBBDN3QM19CQpekuIO19yp/VV","guid":"{2117df27-f08c-45e9-8ef5-92ad697f2140}","encType":1,"timeCreated":1734330551983,"timeLastUsed":1734330551983,"timePasswordChanged":1734330551983,"timesUsed":1,"syncCounter":1,"everSynced":false,"encryptedUnknownFields":"MDIEEPgAAAAAAAAAAAAAAAAAAAEwFAYIKoZIhvcNAwcECAMuNNJCGTrSBAhO2zQ3bMS/5w=="},{"id":125,"hostname":"https://studiolab.sagemaker.aws","httpRealm":null,"formSubmitURL":"https://studiolab.sagemaker.aws","usernameField":"username","passwordField":"password","encryptedUsername":"MFIEEPgAAAAAAAAAAAAAAAAAAAEwFAYIKoZIhvcNAwcECGFK1bDy1a9CBCjG9nHnQIYyPkSTf/t+MBJN5kzYXEv5uFUpK47j0YfQPDbCzGdkGtbZ","encryptedPassword":"MDoEEPgAAAAAAAAAAAAAAAAAAAEwFAYIKoZIhvcNAwcECCW65FFvj+qIBBCeqokY8VM+yWPMD9lb+A6D","guid":"{c77b471f-3c7b-49d1-ae5c-d5a4dadc3bc8}","encType":1,"timeCreated":1734330566343,"timeLastUsed":1734330566343,"timePasswordChanged":1734330566343,"timesUsed":1,"syncCounter":1,"everSynced":false,"encryptedUnknownFields":"MDIEEPgAAAAAAAAAAAAAAAAAAAEwFAYIKoZIhvcNAwcECMtkvUxMpGzvBAjT5LfqBgQJPw=="},{"id":126,"hostname":"https://studiolab.sagemaker.aws","httpRealm":null,"formSubmitURL":"https://studiolab.sagemaker.aws","usernameField":"username","passwordField":"password","encryptedUsername":"MFIEEPgAAAAAAAAAAAAAAAAAAAEwFAYIKoZIhvcNAwcECH8KC7nop/bPBCgH92aHTKuJPKJLQMuTbKEaFBiBoYSaW27d4TzMkNCswBb8dGUa/YKY","encryptedPassword":"MDoEEPgAAAAAAAAAAAAAAAAAAAEwFAYIKoZIhvcNAwcECIN4ngHFg1Q6BBAcVTNGKn+BMKQtc/mVQuIs","guid":"{9570ad6f-c8e8-4725-a65d-b4ba76081035}","encType":1,"timeCreated":1734330622540,"timeLastUsed":1734330622540,"timePasswordChanged":1734330622540,"timesUsed":1,"syncCounter":1,"everSynced":false,"encryptedUnknownFields":"MDIEEPgAAAAAAAAAAAAAAAAAAAEwFAYIKoZIhvcNAwcECJzj85JT9AQUBAg3Fgka/2K2Bg=="},{"id":127,"hostname":"https://studiolab.sagemaker.aws","httpRealm":null,"formSubmitURL":"https://studiolab.sagemaker.aws","usernameField":"username","passwordField":"password","encryptedUsername":"MEoEEPgAAAAAAAAAAAAAAAAAAAEwFAYIKoZIhvcNAwcECI0eh4LXKz+bBCAfYO1yuP931Z2y9me97K0W7caBsuSJCwimzVmJBbEOOQ==","encryptedPassword":"MDoEEPgAAAAAAAAAAAAAAAAAAAEwFAYIKoZIhvcNAwcECGKLiwDVRmSYBBCgRQeY49pC0dYDbLlaEPPA","guid":"{3595679c-a867-4a8e-855c-dc70f3a218dd}","encType":1,"timeCreated":1734330643272,"timeLastUsed":1734330643272,"timePasswordChanged":1734330643272,"timesUsed":1,"syncCounter":1,"everSynced":false,"encryptedUnknownFields":"MDIEEPgAAAAAAAAAAAAAAAAAAAEwFAYIKoZIhvcNAwcECLODjPgnoACkBAhFZ6CkLymjKA=="},{"id":128,"hostname":"https://studiolab.sagemaker.aws","httpRealm":null,"formSubmitURL":"https://studiolab.sagemaker.aws","usernameField":"username","passwordField":"password","encryptedUsername":"MFIEEPgAAAAAAAAAAAAAAAAAAAEwFAYIKoZIhvcNAwcECBS7Mkr4TveqBCgC/u39sDLkhzQFuShTchfUDukkgqFg8Znmk9K34jBD5DML1ZQGZ5uw","encryptedPassword":"MDoEEPgAAAAAAAAAAAAAAAAAAAEwFAYIKoZIhvcNAwcECAljXxFQiO0XBBB4EhLeRi/FXICEy4MbsMBX","guid":"{2fee42de-5edd-451a-a305-953e9696107f}","encType":1,"timeCreated":1734330667358,"timeLastUsed":1734330667358,"timePasswordChanged":1734330667358,"timesUsed":1,"syncCounter":1,"everSynced":false,"encryptedUnknownFields":"MDIEEPgAAAAAAAAAAAAAAAAAAAEwFAYIKoZIhvcNAwcECLOoqWGwH9v8BAjkqCWsIfMsBA=="},{"id":129,"hostname":"https://studiolab.sagemaker.aws","httpRealm":null,"formSubmitURL":"https://studiolab.sagemaker.aws","usernameField":"username","passwordField":"password","encryptedUsername":"MFIEEPgAAAAAAAAAAAAAAAAAAAEwFAYIKoZIhvcNAwcECAUK6yu7tCOhBCjo6r2wECJr+Q3hID349bBMMCrJGBImFunSZ+361kjjh3Oir4+3/lzc","encryptedPassword":"MDoEEPgAAAAAAAAAAAAAAAAAAAEwFAYIKoZIhvcNAwcECEANDJUIh47bBBBvzHEm8s4aQgyuORbF0s5a","guid":"{21a2cf8f-c6b4-478b-8b07-a2e858aa8aeb}","encType":1,"timeCreated":1734330699395,"timeLastUsed":1734330699395,"timePasswordChanged":1734330699395,"timesUsed":1,"syncCounter":1,"everSynced":false,"encryptedUnknownFields":"MDIEEPgAAAAAAAAAAAAAAAAAAAEwFAYIKoZIhvcNAwcECNJCphAFyWp8BAjoCYe3uE+1eA=="},{"id":130,"hostname":"https://studiolab.sagemaker.aws","httpRealm":null,"formSubmitURL":"https://studiolab.sagemaker.aws","usernameField":"username","passwordField":"password","encryptedUsername":"MFIEEPgAAAAAAAAAAAAAAAAAAAEwFAYIKoZIhvcNAwcECEznPKQIRnbfBCg95dCjEx8yqF1/4NOZUyTpX3Y+1Qcsu3O0aS7RBjW8h6Gyh6oVvs/N","encryptedPassword":"MDoEEPgAAAAAAAAAAAAAAAAAAAEwFAYIKoZIhvcNAwcECOT3sOukF29dBBCgHwtNiunTAzSt+TrTg6KN","guid":"{c3553c0f-ab2a-4e86-bd4a-feca77640aed}","encType":1,"timeCreated":1734330751763,"timeLastUsed":1734330751763,"timePasswordChanged":1734330751763,"timesUsed":1,"syncCounter":1,"everSynced":false,"encryptedUnknownFields":"MDIEEPgAAAAAAAAAAAAAAAAAAAEwFAYIKoZIhvcNAwcECH7UYCJy/fLFBAg7rqKaw/IMnA=="},{"id":131,"hostname":"https://studiolab.sagemaker.aws","httpRealm":null,"formSubmitURL":"https://studiolab.sagemaker.aws","usernameField":"username","passwordField":"password","encryptedUsername":"MFIEEPgAAAAAAAAAAAAAAAAAAAEwFAYIKoZIhvcNAwcECNOfszG0QU5EBCjOZff/us9BGLI7jrPMJfniaWHjY3QEFK3FBcTC5Wop3YBYZ+Lnoz6d","encryptedPassword":"MDoEEPgAAAAAAAAAAAAAAAAAAAEwFAYIKoZIhvcNAwcECLa1anzmnw/jBBCqsso+VvIaqfCEfg4CQPkY","guid":"{0a4f08cd-62d7-43c9-8f9f-92b3ba81e621}","encType":1,"timeCreated":1734330771071,"timeLastUsed":1734330771071,"timePasswordChanged":1734330771071,"timesUsed":1,"syncCounter":1,"everSynced":false,"encryptedUnknownFields":"MDIEEPgAAAAAAAAAAAAAAAAAAAEwFAYIKoZIhvcNAwcECP3nCTkz+aJNBAhvF7eCZedpVg=="},{"id":132,"hostname":"https://studiolab.sagemaker.aws","httpRealm":null,"formSubmitURL":"https://studiolab.sagemaker.aws","usernameField":"username","passwordField":"password","encryptedUsername":"MFIEEPgAAAAAAAAAAAAAAAAAAAEwFAYIKoZIhvcNAwcECHEGMDs5N8SmBCju1fzrN7SkOmEvGQf6ZmFiTSfc7is4IxphCZtMcDMznheHsNsWoU0u","encryptedPassword":"MDoEEPgAAAAAAAAAAAAAAAAAAAEwFAYIKoZIhvcNAwcECOCgFZPX/s3TBBC2MNHI22bleXPPXAc9kAeo","guid":"{fb94128f-070b-465b-bd8c-5814808a2958}","encType":1,"timeCreated":1734330794048,"timeLastUsed":1734330794048,"timePasswordChanged":1734330794048,"timesUsed":1,"syncCounter":1,"everSynced":false,"encryptedUnknownFields":"MDIEEPgAAAAAAAAAAAAAAAAAAAEwFAYIKoZIhvcNAwcECO/2keCIQs8PBAgGvMPLXUXxcw=="},{"id":133,"hostname":"https://studiolab.sagemaker.aws","httpRealm":null,"formSubmitURL":"https://studiolab.sagemaker.aws","usernameField":"username","passwordField":"password","encryptedUsername":"MFIEEPgAAAAAAAAAAAAAAAAAAAEwFAYIKoZIhvcNAwcECFCpD16qm2vFBCiaYAH2zoHFxMLTGsTrPG9xeUrQttU0xXOhXMWJI1giUmea/jh8J3XA","encryptedPassword":"MDoEEPgAAAAAAAAAAAAAAAAAAAEwFAYIKoZIhvcNAwcECJrvBFxPMkcRBBCofancQCWQnbhd0TEFXS2m","guid":"{401c9e9c-184e-43fa-b105-cfc38350ec8c}","encType":1,"timeCreated":1734330868664,"timeLastUsed":1734330868664,"timePasswordChanged":1734330868664,"timesUsed":1,"syncCounter":1,"everSynced":false,"encryptedUnknownFields":"MDIEEPgAAAAAAAAAAAAAAAAAAAEwFAYIKoZIhvcNAwcECA2zJZsSlDU7BAj7PkI7/dOHqQ=="},{"id":134,"hostname":"https://studiolab.sagemaker.aws","httpRealm":null,"formSubmitURL":"https://studiolab.sagemaker.aws","usernameField":"username","passwordField":"password","encryptedUsername":"MFIEEPgAAAAAAAAAAAAAAAAAAAEwFAYIKoZIhvcNAwcECKgzyhTiFS4lBCjZZpZxClQGM26IKvqHVaswj2lry/mEM7C4RrnHn2BLyiQpGaieQcT9","encryptedPassword":"MDoEEPgAAAAAAAAAAAAAAAAAAAEwFAYIKoZIhvcNAwcECAmhpBypM669BBDRWr1av03aCuB08Z47FVcY","guid":"{54291bba-d3e2-479a-8c2b-6b84dbf9a4df}","encType":1,"timeCreated":1734333126598,"timeLastUsed":1734333126598,"timePasswordChanged":1734333126598,"timesUsed":1,"syncCounter":1,"everSynced":false,"encryptedUnknownFields":"MDIEEPgAAAAAAAAAAAAAAAAAAAEwFAYIKoZIhvcNAwcECFATy3cwu/n5BAivEYLNpBH4yA=="},{"id":135,"hostname":"https://studiolab.sagemaker.aws","httpRealm":null,"formSubmitURL":"https://studiolab.sagemaker.aws","usernameField":"username","passwordField":"password","encryptedUsername":"MFIEEPgAAAAAAAAAAAAAAAAAAAEwFAYIKoZIhvcNAwcECOfSn/fNhpa3BCisuAyjldAJ/4w1W6K/zaDeqeqAJQ0QfDNcqUjdGoZD0Ts6R3hfOpBM","encryptedPassword":"MDoEEPgAAAAAAAAAAAAAAAAAAAEwFAYIKoZIhvcNAwcECFBv4a0ABzPlBBCJfr2m+D7RjliNwv1XamRM","guid":"{68b8b11a-6429-4389-9d88-9bd616a85b59}","encType":1,"timeCreated":1734333154094,"timeLastUsed":1734333154094,"timePasswordChanged":1734333154094,"timesUsed":1,"syncCounter":1,"everSynced":false,"encryptedUnknownFields":"MDIEEPgAAAAAAAAAAAAAAAAAAAEwFAYIKoZIhvcNAwcECBoKmSRMCzZDBAjMqr3Oz0jEag=="},{"id":136,"hostname":"https://studiolab.sagemaker.aws","httpRealm":null,"formSubmitURL":"https://studiolab.sagemaker.aws","usernameField":"username","passwordField":"password","encryptedUsername":"MFIEEPgAAAAAAAAAAAAAAAAAAAEwFAYIKoZIhvcNAwcECAKl/MTSCV0zBCjJsA8q9YutZq4es35pwcZiiPQWf2SsiwN2wZ8mL7t95UmxZCdzo4NF","encryptedPassword":"MDoEEPgAAAAAAAAAAAAAAAAAAAEwFAYIKoZIhvcNAwcECPy8jcVcauJ5BBC9aV3LvTmdkn3qxIxlcWGM","guid":"{3a9d89d0-4617-4b58-ba90-cf34a00a661d}","encType":1,"timeCreated":1734333190857,"timeLastUsed":1734333190857,"timePasswordChanged":1734333190857,"timesUsed":1,"syncCounter":1,"everSynced":false,"encryptedUnknownFields":"MDIEEPgAAAAAAAAAAAAAAAAAAAEwFAYIKoZIhvcNAwcECApWIAQMrboDBAhzyvDObqRTUg=="},{"id":137,"hostname":"https://studiolab.sagemaker.aws","httpRealm":null,"formSubmitURL":"https://studiolab.sagemaker.aws","usernameField":"username","passwordField":"password","encryptedUsername":"MFIEEPgAAAAAAAAAAAAAAAAAAAEwFAYIKoZIhvcNAwcECEGrNKc5bzXDBCh/3ByuRNqpyrpwwLQF488HXtVascn4VZxXKxsjVnFm6GpN5pSYlQW8","encryptedPassword":"MDoEEPgAAAAAAAAAAAAAAAAAAAEwFAYIKoZIhvcNAwcECDhgfqIeB9r7BBCNMJ1hiCdOhqzkVXisS9R7","guid":"{8abf151b-ec77-4daa-834f-2862a4f13fe4}","encType":1,"timeCreated":1734333216617,"timeLastUsed":1734333216617,"timePasswordChanged":1734333216617,"timesUsed":1,"syncCounter":1,"everSynced":false,"encryptedUnknownFields":"MDIEEPgAAAAAAAAAAAAAAAAAAAEwFAYIKoZIhvcNAwcECE42Z1D2s/5zBAgZ5UjN+jji7g=="},{"id":138,"hostname":"https://studiolab.sagemaker.aws","httpRealm":null,"formSubmitURL":"https://studiolab.sagemaker.aws","usernameField":"username","passwordField":"password","encryptedUsername":"MFIEEPgAAAAAAAAAAAAAAAAAAAEwFAYIKoZIhvcNAwcECP9EkQ1T4qPjBCjMXWXsks6acihJDiYvB9L/L/tLLpXOOpe8L7p/M7JXDFpEalf6XYrL","encryptedPassword":"MDoEEPgAAAAAAAAAAAAAAAAAAAEwFAYIKoZIhvcNAwcECJbnhKLhSS8LBBDtOx0zIC5AXop7WZh+DU9Y","guid":"{6827db24-8898-4286-b0af-fb8c7cef0f40}","encType":1,"timeCreated":1734333316075,"timeLastUsed":1734333436644,"timePasswordChanged":1734333316075,"timesUsed":2,"syncCounter":1,"everSynced":false,"encryptedUnknownFields":null},{"id":139,"hostname":"https://studiolab.sagemaker.aws","httpRealm":null,"formSubmitURL":"https://studiolab.sagemaker.aws","usernameField":"username","passwordField":"password","encryptedUsername":"MFIEEPgAAAAAAAAAAAAAAAAAAAEwFAYIKoZIhvcNAwcECObegkbCI/8HBCiA+Lb1AcjrIfKUaS4+OnhQLPnXFVKRIvHVfKGOqHc2fXfy40KaUq+z","encryptedPassword":"MDoEEPgAAAAAAAAAAAAAAAAAAAEwFAYIKoZIhvcNAwcECBn8l1ex1EGOBBArC1MInGCHoqU8KqtylAld","guid":"{6cab283f-7d18-4667-995e-71ccfb7392ef}","encType":1,"timeCreated":1734334793305,"timeLastUsed":1734334793305,"timePasswordChanged":1734334793305,"timesUsed":1,"syncCounter":1,"everSynced":false,"encryptedUnknownFields":"MDIEEPgAAAAAAAAAAAAAAAAAAAEwFAYIKoZIhvcNAwcECHIHnRuN37BYBAj4nOYpNjnmDQ=="},{"id":140,"hostname":"https://studiolab.sagemaker.aws","httpRealm":null,"formSubmitURL":"https://studiolab.sagemaker.aws","usernameField":"username","passwordField":"password","encryptedUsername":"MFIEEPgAAAAAAAAAAAAAAAAAAAEwFAYIKoZIhvcNAwcECF44xI4DulfTBChRA1IOBxQz/A8y9bMAM+GEwsiAguz77Di8MT6+QCFrxk4RA8Q1HOGX","encryptedPassword":"MDoEEPgAAAAAAAAAAAAAAAAAAAEwFAYIKoZIhvcNAwcECBJ9Vc5D5UwZBBDFPv3hgAYI2vFkyMEyZPhK","guid":"{eaec8116-2030-4ea2-a2e7-12c3ff179383}","encType":1,"timeCreated":1734334817669,"timeLastUsed":1734334817669,"timePasswordChanged":1734334817669,"timesUsed":1,"syncCounter":1,"everSynced":false,"encryptedUnknownFields":"MDIEEPgAAAAAAAAAAAAAAAAAAAEwFAYIKoZIhvcNAwcECBp641Xn/TMPBAiuoDYanwCsjA=="},{"id":141,"hostname":"https://studiolab.sagemaker.aws","httpRealm":null,"formSubmitURL":"https://studiolab.sagemaker.aws","usernameField":"username","passwordField":"password","encryptedUsername":"MEoEEPgAAAAAAAAAAAAAAAAAAAEwFAYIKoZIhvcNAwcECB7fbw8pfjVqBCDaBZA0Mw9sB0OXg7Tl5QBiqrGfGZnO21aEsA8+XvY0TA==","encryptedPassword":"MDoEEPgAAAAAAAAAAAAAAAAAAAEwFAYIKoZIhvcNAwcECGZH4haY/k8EBBDoqVFoViHcxn/ZLUSbWz5V","guid":"{aef4824a-3bba-441a-ab3f-ad75402d919d}","encType":1,"timeCreated":1734334839331,"timeLastUsed":1734334839331,"timePasswordChanged":1734334839331,"timesUsed":1,"syncCounter":1,"everSynced":false,"encryptedUnknownFields":"MDIEEPgAAAAAAAAAAAAAAAAAAAEwFAYIKoZIhvcNAwcECO5BpLkOVvJtBAheRcnDsOCv4Q=="},{"id":142,"hostname":"https://studiolab.sagemaker.aws","httpRealm":null,"formSubmitURL":"https://studiolab.sagemaker.aws","usernameField":"username","passwordField":"password","encryptedUsername":"MEoEEPgAAAAAAAAAAAAAAAAAAAEwFAYIKoZIhvcNAwcECHgQT4k+Ar7sBCCQlv3zk6x6WxD/bzSmZ2deXX+P0IapLaw2gZUr+AmWFw==","encryptedPassword":"MDoEEPgAAAAAAAAAAAAAAAAAAAEwFAYIKoZIhvcNAwcECNrOzK6ngTz6BBALLdpvzYlVcsImfOOe/DL8","guid":"{c41d5093-e44a-4c05-b239-a57c1e407a49}","encType":1,"timeCreated":1734334882858,"timeLastUsed":1734334882858,"timePasswordChanged":1734334882858,"timesUsed":1,"syncCounter":1,"everSynced":false,"encryptedUnknownFields":"MDIEEPgAAAAAAAAAAAAAAAAAAAEwFAYIKoZIhvcNAwcECAGqRh24d/VGBAhmpWeip1INsg=="},{"id":143,"hostname":"https://studiolab.sagemaker.aws","httpRealm":null,"formSubmitURL":"https://studiolab.sagemaker.aws","usernameField":"username","passwordField":"password","encryptedUsername":"MFIEEPgAAAAAAAAAAAAAAAAAAAEwFAYIKoZIhvcNAwcECL1zTvHOo6XVBCiwMuPHoCbE/udXsIyMbeGe+KZSIR+zNR2GMXpqJJCOsXfwFOC+dLyD","encryptedPassword":"MDoEEPgAAAAAAAAAAAAAAAAAAAEwFAYIKoZIhvcNAwcECMaiWcnciRaUBBCAJn9sD9P2shk6z4wYWcZW","guid":"{65aff85a-af3e-43d7-8ae4-79179b463e29}","encType":1,"timeCreated":1734334906556,"timeLastUsed":1734334906556,"timePasswordChanged":1734334906556,"timesUsed":1,"syncCounter":1,"everSynced":false,"encryptedUnknownFields":"MDIEEPgAAAAAAAAAAAAAAAAAAAEwFAYIKoZIhvcNAwcECLsc17RLRV2fBAjRu+T/FFfM2Q=="},{"id":144,"hostname":"https://studiolab.sagemaker.aws","httpRealm":null,"formSubmitURL":"https://studiolab.sagemaker.aws","usernameField":"username","passwordField":"password","encryptedUsername":"MFIEEPgAAAAAAAAAAAAAAAAAAAEwFAYIKoZIhvcNAwcECD3nlr1bMLHiBChfMmzaY1zxM9H/0MNqg1mug3cI5x+rcI6cmxTFLUevHvK33oyIZRhu","encryptedPassword":"MDoEEPgAAAAAAAAAAAAAAAAAAAEwFAYIKoZIhvcNAwcECHFaiaC/ZHzhBBCaDP80bTRb4mnmdi//RLQ2","guid":"{8f9ab6d6-30f2-424d-9ba1-f2a79cb78698}","encType":1,"timeCreated":1734334932519,"timeLastUsed":1734334932519,"timePasswordChanged":1734334932519,"timesUsed":1,"syncCounter":1,"everSynced":false,"encryptedUnknownFields":"MDIEEPgAAAAAAAAAAAAAAAAAAAEwFAYIKoZIhvcNAwcECHlsQC76k2qkBAgsSye2O7MHZw=="},{"id":145,"hostname":"https://studiolab.sagemaker.aws","httpRealm":null,"formSubmitURL":"https://studiolab.sagemaker.aws","usernameField":"username","passwordField":"password","encryptedUsername":"MEoEEPgAAAAAAAAAAAAAAAAAAAEwFAYIKoZIhvcNAwcECLqRROkekSryBCAwCyTd3+qphzSi5/nA1pzNDAEfbPxUxMaEPoduSS0H0g==","encryptedPassword":"MDoEEPgAAAAAAAAAAAAAAAAAAAEwFAYIKoZIhvcNAwcECF0OkmQzZ6X5BBC9qVn3+/IWtlKN2Tde7I7T","guid":"{0b668b44-5422-416c-95d0-0f9881176a5d}","encType":1,"timeCreated":1734334987040,"timeLastUsed":1734334987040,"timePasswordChanged":1734334987040,"timesUsed":1,"syncCounter":1,"everSynced":false,"encryptedUnknownFields":"MDIEEPgAAAAAAAAAAAAAAAAAAAEwFAYIKoZIhvcNAwcECFMoyuUiCkHnBAh5uJUCLkP5pA=="},{"id":146,"hostname":"https://studiolab.sagemaker.aws","httpRealm":null,"formSubmitURL":"https://studiolab.sagemaker.aws","usernameField":"username","passwordField":"password","encryptedUsername":"MEoEEPgAAAAAAAAAAAAAAAAAAAEwFAYIKoZIhvcNAwcECO4AOx/NdsLPBCDss/7r+iUXHYHMX557SBft4jpU7djPlGFMVF5UwCp+XQ==","encryptedPassword":"MDoEEPgAAAAAAAAAAAAAAAAAAAEwFAYIKoZIhvcNAwcECInjXrSdZ6djBBC5aFSfWwvnhfkVHqRgaAiB","guid":"{5ba8270d-993f-4abb-ab00-970833214182}","encType":1,"timeCreated":1734335081926,"timeLastUsed":1734335081926,"timePasswordChanged":1734335081926,"timesUsed":1,"syncCounter":1,"everSynced":false,"encryptedUnknownFields":"MDIEEPgAAAAAAAAAAAAAAAAAAAEwFAYIKoZIhvcNAwcECPTquhl83qmVBAiskOlJRgGFzQ=="},{"id":147,"hostname":"https://studiolab.sagemaker.aws","httpRealm":null,"formSubmitURL":"https://studiolab.sagemaker.aws","usernameField":"username","passwordField":"password","encryptedUsername":"MEoEEPgAAAAAAAAAAAAAAAAAAAEwFAYIKoZIhvcNAwcECHBwBLSNnvvQBCDXdEtY4gHh8M4r0Zw0c3AKsISFpbhuaftQtiWLfhQIJg==","encryptedPassword":"MDoEEPgAAAAAAAAAAAAAAAAAAAEwFAYIKoZIhvcNAwcECPwwEkWtk8txBBA6Ho7vHW4TLknDfsyblEjA","guid":"{9acd9fff-b84f-4a75-847b-4a490fb39526}","encType":1,"timeCreated":1734335144400,"timeLastUsed":1734335144400,"timePasswordChanged":1734335144400,"timesUsed":1,"syncCounter":1,"everSynced":false,"encryptedUnknownFields":"MDIEEPgAAAAAAAAAAAAAAAAAAAEwFAYIKoZIhvcNAwcECDl6JBxHebb5BAgxbVm/PnFywg=="},{"id":148,"hostname":"https://studiolab.sagemaker.aws","httpRealm":null,"formSubmitURL":"https://studiolab.sagemaker.aws","usernameField":"username","passwordField":"password","encryptedUsername":"MFIEEPgAAAAAAAAAAAAAAAAAAAEwFAYIKoZIhvcNAwcECL5VD79xFn/mBChYyixddqmgsJWfxQYR/rcp9iVH/AhBE3fMYMaOt54F6yrn4BI2lBSz","encryptedPassword":"MDoEEPgAAAAAAAAAAAAAAAAAAAEwFAYIKoZIhvcNAwcECKNR0dYmwC2nBBDRyvEtvKwdEYZw8rJCSAf7","guid":"{de9f7564-ce38-48e3-add8-4b08d18ae03f}","encType":1,"timeCreated":1734335166609,"timeLastUsed":1734335166609,"timePasswordChanged":1734335166609,"timesUsed":1,"syncCounter":1,"everSynced":false,"encryptedUnknownFields":"MDIEEPgAAAAAAAAAAAAAAAAAAAEwFAYIKoZIhvcNAwcECLTBZ/0KzE33BAga53c54Xrpvg=="}],"potentiallyVulnerablePasswords":[],"dismissedBreachAlertsByLoginGUID":{},"version":3}