{"schema":6,"addons":[{"id":"@testpilot-containers","icons":{"32":"https://addons.mozilla.org/user-media/addon_icons/782/782160-32.png?modified=mcrushed","64":"https://addons.mozilla.org/user-media/addon_icons/782/782160-64.png?modified=mcrushed","128":"https://addons.mozilla.org/user-media/addon_icons/782/782160-128.png?modified=mcrushed"},"name":"Firefox Multi-Account Containers","version":"8.2.0","sourceURI":"https://addons.mozilla.org/firefox/downloads/file/4355970/multi_account_containers-8.2.0.xpi","homepageURL":"https://github.com/mozilla/multi-account-containers/#readme","supportURL":"https://github.com/mozilla/multi-account-containers/issues","amoListingURL":"https://addons.mozilla.org/en-US/firefox/addon/multi-account-containers/","description":"Firefox Multi-Account Containers lets you keep parts of your online life separated into color-coded tabs. Cookies are separated by container, allowing you to use the web with multiple accounts and integrate Mozilla VPN for an extra layer of privacy.","fullDescription":"About This Extension\n\nThe Firefox Multi-Account Containers extension lets you carve out a separate box for each of your online lives – no more opening a different browser just to check your work email!\n\nUnder the hood, it separates website storage into tab-specific Containers. Cookies downloaded by one Container are not available to other Containers. You can even integrate individual Containers with Mozilla VPN to protect your browsing and location. With the Firefox Multi-Account Containers extension, you can...\n\n    Sign in to two different accounts on the same site (for example, you could sign in to work email and home email in two different Container tabs.\n    Keep different kinds of browsing far away from each other (for example, you might use one Container tab for managing your Checking Account and a different Container tab for searching for new songs by your favorite band)\n    Avoid leaving social-network footprints all over the web (for example, you could use a Container tab for signing in to a social network, and use a different tab for visiting online news sites, keeping your social identity separate from tracking scripts on news sites)\n    Protect your browsing activity in individual Containers using Mozilla VPN, so you can shop while travelling abroad but check your bank account from a server in your home country.\n\n\nAfter installing the Firefox Multi-Account Containers extension, click the Containers icon to edit your Containers. Change their colors, names, and icons. Long-click the new tab button to open a new Container tab.\n\nFor more information on how to use Multi-Account Containers, visit our help articles:\n\n\nAll about Multi Account Containers\nMulti Container user - how to use Mozilla VPN\nVPN subscriber - how to use Multi Account Containers","weeklyDownloads":15235,"type":"extension","creator":{"name":"Mozilla Firefox","url":"https://addons.mozilla.org/en-US/firefox/user/4757633/"},"developers":[],"screenshots":[{"url":"https://addons.mozilla.org/user-media/previews/full/266/266157.png?modified=1643906676","width":1440,"height":816,"thumbnailURL":"https://addons.mozilla.org/user-media/previews/thumbs/266/266157.jpg?modified=1643906676","thumbnailWidth":533,"thumbnailHeight":302},{"url":"https://addons.mozilla.org/user-media/previews/full/266/266158.png?modified=1643906676","width":1440,"height":816,"thumbnailURL":"https://addons.mozilla.org/user-media/previews/thumbs/266/266158.jpg?modified=1643906676","thumbnailWidth":533,"thumbnailHeight":302},{"url":"https://addons.mozilla.org/user-media/previews/full/266/266160.png?modified=1643906676","width":1440,"height":816,"thumbnailURL":"https://addons.mozilla.org/user-media/previews/thumbs/266/266160.jpg?modified=1643906676","thumbnailWidth":533,"thumbnailHeight":302},{"url":"https://addons.mozilla.org/user-media/previews/full/266/266159.png?modified=1643906676","width":1440,"height":816,"thumbnailURL":"https://addons.mozilla.org/user-media/previews/thumbs/266/266159.jpg?modified=1643906676","thumbnailWidth":533,"thumbnailHeight":302}],"contributionURL":"","averageRating":4.6064,"reviewCount":3387,"reviewURL":"https://addons.mozilla.org/en-US/firefox/addon/multi-account-containers/reviews/","updateDate":1727193014000}]}