{"version":5,"lastUserContextId":31,"identities":[{"icon":"fingerprint","color":"blue","l10nId":"user-context-personal","public":true,"userContextId":1},{"icon":"briefcase","color":"orange","l10nId":"user-context-work","public":true,"userContextId":2},{"icon":"dollar","color":"green","l10nId":"user-context-banking","public":true,"userContextId":3},{"icon":"cart","color":"pink","l10nId":"user-context-shopping","public":true,"userContextId":4},{"public":false,"icon":"","color":"","name":"userContextIdInternal.thumbnail","accessKey":"","userContextId":5},{"userContextId":4294967295,"public":false,"icon":"","color":"","name":"userContextIdInternal.webextStorageLocal","accessKey":""},{"userContextId":6,"public":true,"icon":"circle","color":"blue","name":"5"},{"userContextId":7,"public":true,"icon":"circle","color":"blue","name":"6"},{"userContextId":8,"public":true,"icon":"circle","color":"blue","name":"7"},{"userContextId":9,"public":true,"icon":"circle","color":"blue","name":"8"},{"userContextId":10,"public":true,"icon":"circle","color":"blue","name":"9"},{"userContextId":11,"public":true,"icon":"circle","color":"blue","name":"10"},{"userContextId":12,"public":true,"icon":"circle","color":"blue","name":"11"},{"userContextId":13,"public":true,"icon":"circle","color":"blue","name":"12"},{"userContextId":14,"public":true,"icon":"circle","color":"blue","name":"13"},{"userContextId":15,"public":true,"icon":"circle","color":"blue","name":"14"},{"userContextId":16,"public":true,"icon":"circle","color":"blue","name":"15"},{"userContextId":17,"public":true,"icon":"circle","color":"blue","name":"16"},{"userContextId":18,"public":true,"icon":"circle","color":"blue","name":"17"},{"userContextId":19,"public":true,"icon":"circle","color":"blue","name":"18"},{"userContextId":20,"public":true,"icon":"circle","color":"blue","name":"19"},{"userContextId":21,"public":true,"icon":"circle","color":"blue","name":"20"},{"userContextId":22,"public":true,"icon":"circle","color":"blue","name":"21"},{"userContextId":23,"public":true,"icon":"circle","color":"blue","name":"22"},{"userContextId":24,"public":true,"icon":"circle","color":"blue","name":"23"},{"userContextId":25,"public":true,"icon":"circle","color":"blue","name":"24"},{"userContextId":26,"public":true,"icon":"circle","color":"blue","name":"25"},{"userContextId":27,"public":true,"icon":"circle","color":"blue","name":"26"},{"userContextId":28,"public":true,"icon":"circle","color":"blue","name":"27"},{"userContextId":29,"public":true,"icon":"circle","color":"blue","name":"28"},{"userContextId":30,"public":true,"icon":"circle","color":"blue","name":"29"},{"userContextId":31,"public":true,"icon":"circle","color":"blue","name":"30"}]}