{"version":3,"url_overrides":{},"prefs":{"privacy.containers":{"initialValue":{},"precedenceList":[{"id":"@testpilot-containers","installDate":1734019104015,"value":"@testpilot-containers","enabled":true}]}},"tabHideNotification":{},"newTabNotification":{},"homepageNotification":{},"default_search":{},"commands":{"open_container_0":{"precedenceList":[{"id":"@testpilot-containers","installDate":1734019104015,"value":{"description":"Container shortcut 1"},"enabled":true}]},"open_container_1":{"precedenceList":[{"id":"@testpilot-containers","installDate":1734019104015,"value":{"description":"Container shortcut 2"},"enabled":true}]},"open_container_2":{"precedenceList":[{"id":"@testpilot-containers","installDate":1734019104015,"value":{"description":"Container shortcut 3"},"enabled":true}]},"open_container_3":{"precedenceList":[{"id":"@testpilot-containers","installDate":1734019104015,"value":{"description":"Container shortcut 4"},"enabled":true}]},"open_container_4":{"precedenceList":[{"id":"@testpilot-containers","installDate":1734019104015,"value":{"description":"Container shortcut 5"},"enabled":true}]},"open_container_5":{"precedenceList":[{"id":"@testpilot-containers","installDate":1734019104015,"value":{"description":"Container shortcut 6"},"enabled":true}]},"open_container_6":{"precedenceList":[{"id":"@testpilot-containers","installDate":1734019104015,"value":{"description":"Container shortcut 7"},"enabled":true}]},"open_container_7":{"precedenceList":[{"id":"@testpilot-containers","installDate":1734019104015,"value":{"description":"Container shortcut 8"},"enabled":true}]},"open_container_8":{"precedenceList":[{"id":"@testpilot-containers","installDate":1734019104015,"value":{"description":"Container shortcut 9"},"enabled":true}]},"open_container_9":{"precedenceList":[{"id":"@testpilot-containers","installDate":1734019104015,"value":{"description":"Container shortcut 10"},"enabled":true}]}}}