{"nextId":64,"logins":[{"id":31,"hostname":"https://studiolab.sagemaker.aws","httpRealm":null,"formSubmitURL":"https://studiolab.sagemaker.aws","usernameField":"username","passwordField":"password","encryptedUsername":"MFIEEPgAAAAAAAAAAAAAAAAAAAEwFAYIKoZIhvcNAwcECOW9OIQkba+TBChjR6OtI+9/kAkZsuS118ZOOC0TqNoPXiU6RoAZCV7wI3PVa3P8gq9C","encryptedPassword":"MDoEEPgAAAAAAAAAAAAAAAAAAAEwFAYIKoZIhvcNAwcECIyYHG63mF6SBBBMsrtDAjSB1rzFjTu5+v22","guid":"{fd61a6be-2324-4624-9fb2-0e88d31eed30}","encType":1,"timeCreated":1734188683600,"timeLastUsed":1734188683600,"timePasswordChanged":1734188683600,"timesUsed":1,"syncCounter":1,"everSynced":false,"encryptedUnknownFields":"MDIEEPgAAAAAAAAAAAAAAAAAAAEwFAYIKoZIhvcNAwcECCWrfMeyFoTpBAh8xqtUJ+8Fag=="},{"id":32,"hostname":"https://studiolab.sagemaker.aws","httpRealm":null,"formSubmitURL":"https://studiolab.sagemaker.aws","usernameField":"username","passwordField":"password","encryptedUsername":"MFIEEPgAAAAAAAAAAAAAAAAAAAEwFAYIKoZIhvcNAwcECABVgR2OpSWCBCjFur+6/j3kpMpEYaMp12LL7zmy2m14hsuAAeN6Z748G4E7+O2Bna4v","encryptedPassword":"MDoEEPgAAAAAAAAAAAAAAAAAAAEwFAYIKoZIhvcNAwcECPxU/A3C7vv9BBBXNrbEkLDIipmMcXxhRNyo","guid":"{fecab38c-9129-4b3e-8089-0930e832df6b}","encType":1,"timeCreated":1734189080769,"timeLastUsed":1734189080769,"timePasswordChanged":1734189080769,"timesUsed":1,"syncCounter":1,"everSynced":false,"encryptedUnknownFields":"MDIEEPgAAAAAAAAAAAAAAAAAAAEwFAYIKoZIhvcNAwcECAViyChxeN7HBAjfOWOVnQlXmA=="},{"id":33,"hostname":"https://studiolab.sagemaker.aws","httpRealm":null,"formSubmitURL":"https://studiolab.sagemaker.aws","usernameField":"username","passwordField":"password","encryptedUsername":"MEoEEPgAAAAAAAAAAAAAAAAAAAEwFAYIKoZIhvcNAwcECAp5rAcuOu5WBCDWE+V7QUq08Gmd8xgPk6RhC4VPE4ffXpmPBSGz3uICLA==","encryptedPassword":"MDoEEPgAAAAAAAAAAAAAAAAAAAEwFAYIKoZIhvcNAwcECAniePyieu6JBBDWVbhhPJx59eSpuG9jyPZT","guid":"{d613f05d-d085-482e-ad7f-5f783f69320a}","encType":1,"timeCreated":1734189322314,"timeLastUsed":1734189322314,"timePasswordChanged":1734189322314,"timesUsed":1,"syncCounter":1,"everSynced":false,"encryptedUnknownFields":"MDIEEPgAAAAAAAAAAAAAAAAAAAEwFAYIKoZIhvcNAwcECNjbQEQsjbQIBAiWJbvcANUyog=="},{"id":34,"hostname":"https://studiolab.sagemaker.aws","httpRealm":null,"formSubmitURL":"https://studiolab.sagemaker.aws","usernameField":"username","passwordField":"password","encryptedUsername":"MFIEEPgAAAAAAAAAAAAAAAAAAAEwFAYIKoZIhvcNAwcECAHdEy0DXTajBCiZHJ4FKGS9v0Aagiy84kznFbCbkhvFpLZdV8uXcSuVFT1qn95IvnT8","encryptedPassword":"MDoEEPgAAAAAAAAAAAAAAAAAAAEwFAYIKoZIhvcNAwcECIBu6Z28e3qpBBCqmbT6l3KJ0gYUn7gnOWuF","guid":"{beda3bee-843f-42af-96f2-9dfa2697389c}","encType":1,"timeCreated":1734189409897,"timeLastUsed":1734189409897,"timePasswordChanged":1734189409897,"timesUsed":1,"syncCounter":1,"everSynced":false,"encryptedUnknownFields":"MDIEEPgAAAAAAAAAAAAAAAAAAAEwFAYIKoZIhvcNAwcECBpWlGoYqkBOBAiBeLVB6Z2cnQ=="},{"id":35,"hostname":"https://studiolab.sagemaker.aws","httpRealm":null,"formSubmitURL":"https://studiolab.sagemaker.aws","usernameField":"username","passwordField":"password","encryptedUsername":"MFIEEPgAAAAAAAAAAAAAAAAAAAEwFAYIKoZIhvcNAwcECK7Q6TVg0F2eBCiDizfaQN52O9O993BOD2abefjWpZjiZbgcoyHV+oxdEGqhjX67o52g","encryptedPassword":"MDoEEPgAAAAAAAAAAAAAAAAAAAEwFAYIKoZIhvcNAwcECMu+qrY95nqeBBDDgHVlFHqLuagE8NS/wtim","guid":"{9ecb6c1e-5cfc-4523-8b0b-3f21a3b08bdd}","encType":1,"timeCreated":1734189482814,"timeLastUsed":1734189482814,"timePasswordChanged":1734189482814,"timesUsed":1,"syncCounter":1,"everSynced":false,"encryptedUnknownFields":"MDIEEPgAAAAAAAAAAAAAAAAAAAEwFAYIKoZIhvcNAwcECNUVA9dm1yTCBAiSK7+J+affQw=="},{"id":36,"hostname":"https://studiolab.sagemaker.aws","httpRealm":null,"formSubmitURL":"https://studiolab.sagemaker.aws","usernameField":"username","passwordField":"password","encryptedUsername":"MEoEEPgAAAAAAAAAAAAAAAAAAAEwFAYIKoZIhvcNAwcECNl5PTRux5G/BCCPwxENt34kBuOJN9D09DgKEuIPp8aQFABgfP6Mgg14bw==","encryptedPassword":"MDoEEPgAAAAAAAAAAAAAAAAAAAEwFAYIKoZIhvcNAwcECO/A2V/zWD7+BBAxCLLQo93Psc8lCu32Ylud","guid":"{0564f4ef-99cf-4e9a-b26e-70708068f159}","encType":1,"timeCreated":1734189570162,"timeLastUsed":1734189570162,"timePasswordChanged":1734189570162,"timesUsed":1,"syncCounter":1,"everSynced":false,"encryptedUnknownFields":"MDIEEPgAAAAAAAAAAAAAAAAAAAEwFAYIKoZIhvcNAwcECOktgKuvtKvQBAipXXvx4IrZvw=="},{"id":37,"hostname":"https://studiolab.sagemaker.aws","httpRealm":null,"formSubmitURL":"https://studiolab.sagemaker.aws","usernameField":"username","passwordField":"password","encryptedUsername":"MEoEEPgAAAAAAAAAAAAAAAAAAAEwFAYIKoZIhvcNAwcECOKQruRkvvQNBCDl2XtkIuq3iVSg2EmrMaAAviXSzWtYnThgkft8HpKOmw==","encryptedPassword":"MDoEEPgAAAAAAAAAAAAAAAAAAAEwFAYIKoZIhvcNAwcECH/MXzXbf/B7BBB/AusVN7ZKytKsyro0HsIY","guid":"{c26f03c2-cc5f-49cb-8cd9-bf20447afc6e}","encType":1,"timeCreated":1734189852073,"timeLastUsed":1734189852073,"timePasswordChanged":1734189852073,"timesUsed":1,"syncCounter":1,"everSynced":false,"encryptedUnknownFields":"MDIEEPgAAAAAAAAAAAAAAAAAAAEwFAYIKoZIhvcNAwcECAENOtuwQXp3BAj3R5GxN/lADw=="},{"id":38,"hostname":"https://studiolab.sagemaker.aws","httpRealm":null,"formSubmitURL":"https://studiolab.sagemaker.aws","usernameField":"username","passwordField":"password","encryptedUsername":"MFIEEPgAAAAAAAAAAAAAAAAAAAEwFAYIKoZIhvcNAwcECKQo42Xiw83OBCgx/0jYwB5RpWQ6iMsm9Wj/daWmc9SnDXvmN6CeHxNFOcBrchMKdNNY","encryptedPassword":"MDoEEPgAAAAAAAAAAAAAAAAAAAEwFAYIKoZIhvcNAwcECGCg+VeKhszQBBAoGWUCRl2Vdd72sRwivCME","guid":"{01004b96-ed5f-4d1f-b1a2-e20a72580ec3}","encType":1,"timeCreated":1734190033284,"timeLastUsed":1734190033284,"timePasswordChanged":1734190033284,"timesUsed":1,"syncCounter":1,"everSynced":false,"encryptedUnknownFields":"MDIEEPgAAAAAAAAAAAAAAAAAAAEwFAYIKoZIhvcNAwcECHojGS39ARX/BAjsWrd46Y2JfQ=="},{"id":40,"hostname":"https://studiolab.sagemaker.aws","httpRealm":null,"formSubmitURL":"https://studiolab.sagemaker.aws","usernameField":"username","passwordField":"password","encryptedUsername":"MFIEEPgAAAAAAAAAAAAAAAAAAAEwFAYIKoZIhvcNAwcECCzq6Cid3UxtBCgp8COv4k8FrE97brt5sBotFOkDs7q5EJhk+JENs/CeiZmRYerahEFA","encryptedPassword":"MDoEEPgAAAAAAAAAAAAAAAAAAAEwFAYIKoZIhvcNAwcECCe03LQP+CSvBBAh1CWBg3rkBev2V/pymwFy","guid":"{7cb913f2-c749-4b8b-a553-c9946028f811}","encType":1,"timeCreated":1734190165418,"timeLastUsed":1734190165418,"timePasswordChanged":1734190165418,"timesUsed":1,"syncCounter":1,"everSynced":false,"encryptedUnknownFields":"MDIEEPgAAAAAAAAAAAAAAAAAAAEwFAYIKoZIhvcNAwcECDFPo5vJ1w7KBAj/87TogrRdwQ=="},{"id":41,"hostname":"https://studiolab.sagemaker.aws","httpRealm":null,"formSubmitURL":"https://studiolab.sagemaker.aws","usernameField":"username","passwordField":"password","encryptedUsername":"MFIEEPgAAAAAAAAAAAAAAAAAAAEwFAYIKoZIhvcNAwcECAfuixv6X1JDBCjLPj2ErkAj0rqzOd7GlcjatL9rxncxhh0sP6H/z9dX0SNkcePsG/a+","encryptedPassword":"MDoEEPgAAAAAAAAAAAAAAAAAAAEwFAYIKoZIhvcNAwcECCyOAgxC3IwQBBBqmyO+srz68Wm3wBtop5fo","guid":"{64ae8cc2-e1c9-43e7-a4f7-834abdc5eae5}","encType":1,"timeCreated":1734190202440,"timeLastUsed":1734190202440,"timePasswordChanged":1734190202440,"timesUsed":1,"syncCounter":1,"everSynced":false,"encryptedUnknownFields":"MDIEEPgAAAAAAAAAAAAAAAAAAAEwFAYIKoZIhvcNAwcECBHcdltEZRVBBAgd44ndIwoumA=="},{"id":42,"hostname":"https://studiolab.sagemaker.aws","httpRealm":null,"formSubmitURL":"https://studiolab.sagemaker.aws","usernameField":"username","passwordField":"password","encryptedUsername":"MEoEEPgAAAAAAAAAAAAAAAAAAAEwFAYIKoZIhvcNAwcECKlbQbRYfYuIBCByMh9bxZFFESX+idFGujuoXQWItWPbeZL5BwO4A2w1kw==","encryptedPassword":"MDoEEPgAAAAAAAAAAAAAAAAAAAEwFAYIKoZIhvcNAwcECORkwnmXIpz4BBDNAxwsWGGhASjmr99wrp2t","guid":"{8071b093-a4d6-4e5a-acdc-bd417a806cbb}","encType":1,"timeCreated":1734191460543,"timeLastUsed":1734191460543,"timePasswordChanged":1734191460543,"timesUsed":1,"syncCounter":1,"everSynced":false,"encryptedUnknownFields":"MDIEEPgAAAAAAAAAAAAAAAAAAAEwFAYIKoZIhvcNAwcECPdd8E6B5BMzBAhcI8eM4B6Wsg=="},{"id":44,"hostname":"https://studiolab.sagemaker.aws","httpRealm":null,"formSubmitURL":"https://studiolab.sagemaker.aws","usernameField":"username","passwordField":"password","encryptedUsername":"MFIEEPgAAAAAAAAAAAAAAAAAAAEwFAYIKoZIhvcNAwcECN9WHwAHFBC2BChg0mIqSfWW4BPa8HFiJ5V6CU5Xl0SqvU0ZtzLe1a1wzQdqMxmo9C0E","encryptedPassword":"MDoEEPgAAAAAAAAAAAAAAAAAAAEwFAYIKoZIhvcNAwcECFeLCo5qTAPfBBDoLcctTvHmu9+Yv5ZVgKqk","guid":"{d628b41e-41eb-4036-8f03-11f100860a66}","encType":1,"timeCreated":1734191914711,"timeLastUsed":1734191914711,"timePasswordChanged":1734191914711,"timesUsed":1,"syncCounter":1,"everSynced":false,"encryptedUnknownFields":"MDIEEPgAAAAAAAAAAAAAAAAAAAEwFAYIKoZIhvcNAwcECLx5UTs0L0xNBAixEQbWsMdhtQ=="},{"id":45,"hostname":"https://studiolab.sagemaker.aws","httpRealm":null,"formSubmitURL":"https://studiolab.sagemaker.aws","usernameField":"username","passwordField":"password","encryptedUsername":"MFIEEPgAAAAAAAAAAAAAAAAAAAEwFAYIKoZIhvcNAwcECDAA1Z7cAi7VBCj1saGeY936GNqvNPbuSmjXaO7KBdQc58clPlggVdvb6AJ95asSghtD","encryptedPassword":"MDoEEPgAAAAAAAAAAAAAAAAAAAEwFAYIKoZIhvcNAwcECIDTMcYQChT1BBCca+YNQ9wlVLgh28bcgY++","guid":"{1744df54-fec0-4aec-9ae0-9c0c838f3136}","encType":1,"timeCreated":1734191973139,"timeLastUsed":1734191973139,"timePasswordChanged":1734191973139,"timesUsed":1,"syncCounter":1,"everSynced":false,"encryptedUnknownFields":"MDIEEPgAAAAAAAAAAAAAAAAAAAEwFAYIKoZIhvcNAwcECBR21hbp1pmrBAj3zMfU/SiSEg=="},{"id":46,"hostname":"https://studiolab.sagemaker.aws","httpRealm":null,"formSubmitURL":"https://studiolab.sagemaker.aws","usernameField":"username","passwordField":"password","encryptedUsername":"MFIEEPgAAAAAAAAAAAAAAAAAAAEwFAYIKoZIhvcNAwcECPUu3hR1b4UXBCiU6HfhNAs7qc6S0kyEK0olPyDlTydEwFz58l7cHSFcpXz8N+8SNm5t","encryptedPassword":"MDoEEPgAAAAAAAAAAAAAAAAAAAEwFAYIKoZIhvcNAwcECOMc2YtRFwo2BBD7yJKaoZ7yUto/B+6hdQuR","guid":"{ac5af095-6fbd-4035-84d9-2125e7ade3c0}","encType":1,"timeCreated":1734192008145,"timeLastUsed":1734192008145,"timePasswordChanged":1734192008145,"timesUsed":1,"syncCounter":1,"everSynced":false,"encryptedUnknownFields":"MDIEEPgAAAAAAAAAAAAAAAAAAAEwFAYIKoZIhvcNAwcECLcNKLumq3ctBAhDpOYZYd6lLQ=="},{"id":47,"hostname":"https://studiolab.sagemaker.aws","httpRealm":null,"formSubmitURL":"https://studiolab.sagemaker.aws","usernameField":"username","passwordField":"password","encryptedUsername":"MFIEEPgAAAAAAAAAAAAAAAAAAAEwFAYIKoZIhvcNAwcECGk2c48VNkvBBCjU6JPLXergMSbs0pgwgxAOcoZc5OPKptk0SE90/+QZqONa6ajb/Bn9","encryptedPassword":"MDoEEPgAAAAAAAAAAAAAAAAAAAEwFAYIKoZIhvcNAwcECOImnwnwZAGZBBDGNOn3nTwRijLv6BcnYyh9","guid":"{55494e44-6696-4783-bc45-d0858b1846bc}","encType":1,"timeCreated":1734192040109,"timeLastUsed":1734192040109,"timePasswordChanged":1734192040109,"timesUsed":1,"syncCounter":1,"everSynced":false,"encryptedUnknownFields":"MDIEEPgAAAAAAAAAAAAAAAAAAAEwFAYIKoZIhvcNAwcECF5WLUHwf6zVBAjLlxsPTsZMAw=="},{"id":48,"hostname":"https://studiolab.sagemaker.aws","httpRealm":null,"formSubmitURL":"https://studiolab.sagemaker.aws","usernameField":"username","passwordField":"password","encryptedUsername":"MFIEEPgAAAAAAAAAAAAAAAAAAAEwFAYIKoZIhvcNAwcECJEebVuwxBeBBCjFSsxaRiaSqjNq+U3yLaGPQBXO/RMp1geem5SP0XKuW8I9Sr3f/+vv","encryptedPassword":"MDoEEPgAAAAAAAAAAAAAAAAAAAEwFAYIKoZIhvcNAwcECKVwRux52qC4BBC/2tFSDcuVv5IqF7+Zgnyn","guid":"{434b556c-1e81-4182-9833-bd8018a65512}","encType":1,"timeCreated":1734192074517,"timeLastUsed":1734192074517,"timePasswordChanged":1734192074517,"timesUsed":1,"syncCounter":1,"everSynced":false,"encryptedUnknownFields":"MDIEEPgAAAAAAAAAAAAAAAAAAAEwFAYIKoZIhvcNAwcECKTavBrbXyCgBAhfWva41dJAcg=="},{"id":49,"hostname":"https://studiolab.sagemaker.aws","httpRealm":null,"formSubmitURL":"https://studiolab.sagemaker.aws","usernameField":"username","passwordField":"password","encryptedUsername":"MEoEEPgAAAAAAAAAAAAAAAAAAAEwFAYIKoZIhvcNAwcECEZBs/MwqkWiBCC75+Ldev7aB8um5DyXZFdvlKzf0GlAUd9Shrfg8W66jg==","encryptedPassword":"MDoEEPgAAAAAAAAAAAAAAAAAAAEwFAYIKoZIhvcNAwcECCQ7QCnZadHRBBAXvYnSUligvvLaZa/7OVMY","guid":"{fddb5ddf-af65-418c-8896-6d8e2eff70a7}","encType":1,"timeCreated":1734192105596,"timeLastUsed":1734192105596,"timePasswordChanged":1734192105596,"timesUsed":1,"syncCounter":1,"everSynced":false,"encryptedUnknownFields":"MDIEEPgAAAAAAAAAAAAAAAAAAAEwFAYIKoZIhvcNAwcECO9aHny3kDFzBAitzSCmZoRL1Q=="},{"id":51,"hostname":"https://studiolab.sagemaker.aws","httpRealm":null,"formSubmitURL":"https://studiolab.sagemaker.aws","usernameField":"username","passwordField":"password","encryptedUsername":"MFIEEPgAAAAAAAAAAAAAAAAAAAEwFAYIKoZIhvcNAwcECL4vFaIh6AC/BCijZLvzHExXvaHT7pTtu66wSgCeqJCccwGoP56wvhFA4Gp/uPmEiJwq","encryptedPassword":"MDoEEPgAAAAAAAAAAAAAAAAAAAEwFAYIKoZIhvcNAwcECF+ovNcz6atIBBAKFsdC3stJhNvdafxPLFCP","guid":"{8917c327-1f98-4aa7-a5f8-50fb42e91374}","encType":1,"timeCreated":1734192679035,"timeLastUsed":1734192679035,"timePasswordChanged":1734192679035,"timesUsed":1,"syncCounter":1,"everSynced":false,"encryptedUnknownFields":"MDIEEPgAAAAAAAAAAAAAAAAAAAEwFAYIKoZIhvcNAwcECG9WvF5V5O3EBAgUlLBBoY3mBQ=="},{"id":52,"hostname":"https://studiolab.sagemaker.aws","httpRealm":null,"formSubmitURL":"https://studiolab.sagemaker.aws","usernameField":"username","passwordField":"password","encryptedUsername":"MFIEEPgAAAAAAAAAAAAAAAAAAAEwFAYIKoZIhvcNAwcECHteB2T8O1fCBChhoVKQ0KkMtuPCau1L0zvhNvtqqtG9wTzKLRiFSiTRxiKJfFJZNy3c","encryptedPassword":"MDoEEPgAAAAAAAAAAAAAAAAAAAEwFAYIKoZIhvcNAwcECM3i3wMFevQCBBAr7kNlGic41QWTJO3DA8db","guid":"{e08277eb-71ad-44da-b4ca-ec08b595dd78}","encType":1,"timeCreated":1734192706369,"timeLastUsed":1734192706369,"timePasswordChanged":1734192706369,"timesUsed":1,"syncCounter":1,"everSynced":false,"encryptedUnknownFields":"MDIEEPgAAAAAAAAAAAAAAAAAAAEwFAYIKoZIhvcNAwcECDuwYrp+qUbBBAhc4YemXpfrvg=="},{"id":54,"hostname":"https://studiolab.sagemaker.aws","httpRealm":null,"formSubmitURL":"https://studiolab.sagemaker.aws","usernameField":"username","passwordField":"password","encryptedUsername":"MFIEEPgAAAAAAAAAAAAAAAAAAAEwFAYIKoZIhvcNAwcECN34431zeOH4BCgl1CJLI2AEtd/CceHvmuZY5S/YQZUwZFmrgJTpxGy2mYKydT6XdyLg","encryptedPassword":"MDoEEPgAAAAAAAAAAAAAAAAAAAEwFAYIKoZIhvcNAwcECEq3Bo1WEqOpBBB2QYZ07OIUOz1Hf3VruiDx","guid":"{aefcdff5-fad5-496d-86db-5bc3ea498d3e}","encType":1,"timeCreated":1734192778445,"timeLastUsed":1734192778445,"timePasswordChanged":1734192778445,"timesUsed":1,"syncCounter":1,"everSynced":false,"encryptedUnknownFields":"MDIEEPgAAAAAAAAAAAAAAAAAAAEwFAYIKoZIhvcNAwcECDLslXnh7J4tBAgYd7IbyobwIg=="},{"id":55,"hostname":"https://studiolab.sagemaker.aws","httpRealm":null,"formSubmitURL":"https://studiolab.sagemaker.aws","usernameField":"username","passwordField":"password","encryptedUsername":"MFIEEPgAAAAAAAAAAAAAAAAAAAEwFAYIKoZIhvcNAwcECMqksGkwWjE3BCgo0D9vves9R5TSXBn2DxEM6SZgFNPu8nUAmeumiv5VGm9/C8e3iNr+","encryptedPassword":"MDoEEPgAAAAAAAAAAAAAAAAAAAEwFAYIKoZIhvcNAwcECIoIuk8FpznjBBAmFifegQxUUvwWDFUZ9RUx","guid":"{f513135c-2e76-40a3-8a87-bf3bb1a909d8}","encType":1,"timeCreated":1734192791562,"timeLastUsed":1734192791562,"timePasswordChanged":1734192791562,"timesUsed":1,"syncCounter":1,"everSynced":false,"encryptedUnknownFields":"MDIEEPgAAAAAAAAAAAAAAAAAAAEwFAYIKoZIhvcNAwcECHMz48Y+rhGcBAiq0v9xwPzvCw=="},{"id":56,"hostname":"https://studiolab.sagemaker.aws","httpRealm":null,"formSubmitURL":"https://studiolab.sagemaker.aws","usernameField":"username","passwordField":"password","encryptedUsername":"MFIEEPgAAAAAAAAAAAAAAAAAAAEwFAYIKoZIhvcNAwcECE5BRpzTg0V+BCiYCJe3RPv78CGbqXLYdvMt1LpWLDmPhzp1itNGlgYqFVQPUIWbrJvJ","encryptedPassword":"MDoEEPgAAAAAAAAAAAAAAAAAAAEwFAYIKoZIhvcNAwcECPzDL+WxLsfbBBCk97P9IqjP5sAkB3IOMa3Q","guid":"{a7ddeaad-d2e7-4977-ba86-f8c28e951715}","encType":1,"timeCreated":1734192797164,"timeLastUsed":1734192797164,"timePasswordChanged":1734192797164,"timesUsed":1,"syncCounter":1,"everSynced":false,"encryptedUnknownFields":"MDIEEPgAAAAAAAAAAAAAAAAAAAEwFAYIKoZIhvcNAwcECA1RA2lXjeL4BAhqs7fecyo6zA=="},{"id":57,"hostname":"https://studiolab.sagemaker.aws","httpRealm":null,"formSubmitURL":"https://studiolab.sagemaker.aws","usernameField":"username","passwordField":"password","encryptedUsername":"MEoEEPgAAAAAAAAAAAAAAAAAAAEwFAYIKoZIhvcNAwcECCouBoVgD17XBCDAxNrY3VYUbuJMPdBf/LAiP/JngZOB56uslX0kmExEww==","encryptedPassword":"MDoEEPgAAAAAAAAAAAAAAAAAAAEwFAYIKoZIhvcNAwcECJ7VQEkZCn+pBBDRF/r813DFA1HqTcmG/yN2","guid":"{c0b3b115-c55d-4b32-b233-38271801cc31}","encType":1,"timeCreated":1734192824800,"timeLastUsed":1734192824800,"timePasswordChanged":1734192824800,"timesUsed":1,"syncCounter":1,"everSynced":false,"encryptedUnknownFields":"MDIEEPgAAAAAAAAAAAAAAAAAAAEwFAYIKoZIhvcNAwcECKs4ZuwMgWCsBAjr2QHoJw0hkg=="},{"id":58,"hostname":"https://studiolab.sagemaker.aws","httpRealm":null,"formSubmitURL":"https://studiolab.sagemaker.aws","usernameField":"username","passwordField":"password","encryptedUsername":"MFIEEPgAAAAAAAAAAAAAAAAAAAEwFAYIKoZIhvcNAwcECBnVP1vhLVwnBCg9usiHN9I2vRfQGdXBKvSm16I7ePRUhRgiQc+VJLS5L3m8H8Zgopvp","encryptedPassword":"MDoEEPgAAAAAAAAAAAAAAAAAAAEwFAYIKoZIhvcNAwcECPkOgZehqHpLBBCtqbd1DsSzsVYSbze+Ay78","guid":"{27fdc191-99f4-4632-ad3e-c6dc76d7da57}","encType":1,"timeCreated":1734192898304,"timeLastUsed":1734192898304,"timePasswordChanged":1734192898304,"timesUsed":1,"syncCounter":1,"everSynced":false,"encryptedUnknownFields":"MDIEEPgAAAAAAAAAAAAAAAAAAAEwFAYIKoZIhvcNAwcECLWa836fUHZ/BAhDRbrlQGGKMA=="},{"id":60,"hostname":"https://studiolab.sagemaker.aws","httpRealm":null,"formSubmitURL":"https://studiolab.sagemaker.aws","usernameField":"username","passwordField":"password","encryptedUsername":"MEoEEPgAAAAAAAAAAAAAAAAAAAEwFAYIKoZIhvcNAwcECCh48V6C2mcxBCAsDXqu6sw/ZN4YvoPrfXKpkvsxg/Mne7C83V6ISx/LZA==","encryptedPassword":"MDoEEPgAAAAAAAAAAAAAAAAAAAEwFAYIKoZIhvcNAwcECOcnLALX85pBBBAfp4RpwP/MRj6f14VExl0+","guid":"{e302417d-a8e1-402c-8b89-99314c276561}","encType":1,"timeCreated":1734193125848,"timeLastUsed":1734193125848,"timePasswordChanged":1734193125848,"timesUsed":1,"syncCounter":1,"everSynced":false,"encryptedUnknownFields":"MDIEEPgAAAAAAAAAAAAAAAAAAAEwFAYIKoZIhvcNAwcECOOly5BpN9f+BAjEXJos0igqvQ=="},{"id":62,"hostname":"https://studiolab.sagemaker.aws","httpRealm":null,"formSubmitURL":"https://studiolab.sagemaker.aws","usernameField":"username","passwordField":"password","encryptedUsername":"MFIEEPgAAAAAAAAAAAAAAAAAAAEwFAYIKoZIhvcNAwcECLRjSwt4tt46BCjcC+aiH+sKWT25MUR7PA2KN4txLcwtRLUQCvB5OakG7gioV/DgBqhh","encryptedPassword":"MDoEEPgAAAAAAAAAAAAAAAAAAAEwFAYIKoZIhvcNAwcECICxZuTAwcmPBBAeVqG2BIqMSSJRaIcHfu4L","guid":"{a714518b-9e44-4d99-8eeb-53f3e69c11e3}","encType":1,"timeCreated":1734193226335,"timeLastUsed":1734193226335,"timePasswordChanged":1734193226335,"timesUsed":1,"syncCounter":1,"everSynced":false,"encryptedUnknownFields":"MDIEEPgAAAAAAAAAAAAAAAAAAAEwFAYIKoZIhvcNAwcECO3Ac0gLRjxeBAiZ/WA/HadVCQ=="}],"potentiallyVulnerablePasswords":[],"dismissedBreachAlertsByLoginGUID":{},"version":3}