{"environment":{"locale":"en-US","localeLanguageCode":"en","browserSettings":{"update":{"channel":"release","enabled":true,"autoDownload":true,"background":true}},"attributionData":{"campaign":"%2528not%2Bset%2529","content":"%2528not%2Bset%2529","dlsource":"mozorg","dltoken":"ec1ca682-a565-45d3-be6c-5f4561ee5895","experiment":"%2528not%2Bset%2529","medium":"referral","source":"www.google.com","ua":"chrome","variation":"%2528not%2Bset%2529"},"currentDate":"2024-12-14T15:54:14.188Z","canCreateSelectableProfiles":null,"hasSelectableProfiles":false,"profileAgeCreated":1734018382942,"usesFirefoxSync":false,"isFxAEnabled":true,"isFxASignedIn":false,"sync":{"desktopDevices":0,"mobileDevices":0,"totalDevices":0},"xpinstallEnabled":true,"addonsInfo":{"addons":{"addons-search-detection@mozilla.com":{"version":"2.0.0","type":"extension","isSystem":false,"isWebExtension":true,"hidden":true,"isBuiltin":true,"name":"Add-ons Search Detection","userDisabled":false,"installDate":"2024-12-12T15:57:17.206Z"},"@testpilot-containers":{"version":"8.2.0","type":"extension","isSystem":false,"isWebExtension":true,"hidden":false,"isBuiltin":false,"name":"Firefox Multi-Account Containers","userDisabled":false,"installDate":"2024-12-12T15:58:24.015Z"},"formautofill@mozilla.org":{"version":"1.0.1","type":"extension","isSystem":true,"isWebExtension":true,"hidden":true,"isBuiltin":true,"name":"Form Autofill","userDisabled":false,"installDate":"2024-12-09T17:21:18.000Z"},"pictureinpicture@mozilla.org":{"version":"1.0.0","type":"extension","isSystem":true,"isWebExtension":true,"hidden":true,"isBuiltin":true,"name":"Picture-In-Picture","userDisabled":false,"installDate":"2024-12-09T17:21:18.000Z"},"webcompat@mozilla.org":{"version":"133.4.0","type":"extension","isSystem":true,"isWebExtension":true,"hidden":true,"isBuiltin":true,"name":"Web Compatibility Interventions","userDisabled":false,"installDate":"2024-12-09T17:21:18.000Z"}},"isFullData":true},"searchEngines":{"current":"google-b-d","installed":["google-b-d","bing","ddg","ebay-uk","wikipedia"]},"isDefaultBrowser":false,"isDefaultBrowserUncached":false,"devToolsOpenedCount":0,"topFrecentSites":[{"url":"https://studiolab.sagemaker.aws/login","host":"studiolab.sagemaker.aws","frecency":14000,"lastVisitDate":1734140408398},{"url":"https://muq-hastebin.glitch.me/raw/DNCiLyvtug","host":"muq-hastebin.glitch.me","frecency":1950,"lastVisitDate":1734020395285},{"url":"https://kztlrutvkeor5ge.studio.us-east-2.sagemaker.aws/studiolab/default/jupyter/lab","host":"kztlrutvkeor5ge.studio.us-east-2.sagemaker.aws","frecency":240,"lastVisitDate":1734138591936},{"url":"https://joisvcggil6stmc.studio.us-east-2.sagemaker.aws/studiolab/default/jupyter/lab","host":"joisvcggil6stmc.studio.us-east-2.sagemaker.aws","frecency":160,"lastVisitDate":1734139730515},{"url":"https://jsjteu3xq9jz0hp.studio.us-east-2.sagemaker.aws/studiolab/default/jupyter/lab","host":"jsjteu3xq9jz0hp.studio.us-east-2.sagemaker.aws","frecency":160,"lastVisitDate":1734138942490},{"url":"https://seubmztk9bqem1i.studio.us-east-2.sagemaker.aws/studiolab/default/jupyter/lab","host":"seubmztk9bqem1i.studio.us-east-2.sagemaker.aws","frecency":160,"lastVisitDate":1734138870108},{"url":"https://rm11x9dxxjbdzik.studio.us-east-2.sagemaker.aws/studiolab/default/jupyter/lab","host":"rm11x9dxxjbdzik.studio.us-east-2.sagemaker.aws","frecency":160,"lastVisitDate":1734138728035},{"url":"https://jzi5e1z59aoqrx4.studio.us-east-2.sagemaker.aws/studiolab/default/jupyter/lab","host":"jzi5e1z59aoqrx4.studio.us-east-2.sagemaker.aws","frecency":160,"lastVisitDate":1734138691656},{"url":"https://lnb6dgbkj9n6hno.studio.us-east-2.sagemaker.aws/studiolab/default/jupyter/lab","host":"lnb6dgbkj9n6hno.studio.us-east-2.sagemaker.aws","frecency":160,"lastVisitDate":1734138652347},{"url":"https://wjmlloprg7eceox.studio.us-east-2.sagemaker.aws/studiolab/default/jupyter/lab","host":"wjmlloprg7eceox.studio.us-east-2.sagemaker.aws","frecency":160,"lastVisitDate":1734138649206},{"url":"https://ebfw3tkjqnedxef.studio.us-east-2.sagemaker.aws/studiolab/default/jupyter/lab","host":"ebfw3tkjqnedxef.studio.us-east-2.sagemaker.aws","frecency":160,"lastVisitDate":1734138446841},{"url":"https://jdph3otfg9xuerk.studio.us-east-2.sagemaker.aws/studiolab/default/jupyter/lab","host":"jdph3otfg9xuerk.studio.us-east-2.sagemaker.aws","frecency":160,"lastVisitDate":1734137088074},{"url":"https://mju2cvmy9u2s21q.studio.us-east-2.sagemaker.aws/studiolab/default/jupyter/lab","host":"mju2cvmy9u2s21q.studio.us-east-2.sagemaker.aws","frecency":160,"lastVisitDate":1734137083299},{"url":"https://wmgv4f9mtxbnlbq.studio.us-east-2.sagemaker.aws/studiolab/default/jupyter/lab","host":"wmgv4f9mtxbnlbq.studio.us-east-2.sagemaker.aws","frecency":160,"lastVisitDate":1734137080472},{"url":"https://mtia3ajrlnhygyi.studio.us-east-2.sagemaker.aws/studiolab/default/jupyter/lab","host":"mtia3ajrlnhygyi.studio.us-east-2.sagemaker.aws","frecency":160,"lastVisitDate":1734137073708},{"url":"https://nwmgowrclni1ig2.studio.us-east-2.sagemaker.aws/studiolab/default/jupyter/lab","host":"nwmgowrclni1ig2.studio.us-east-2.sagemaker.aws","frecency":160,"lastVisitDate":1734137070543},{"url":"https://io7tpqxqtkdiv4m.studio.us-east-2.sagemaker.aws/studiolab/default/jupyter/lab","host":"io7tpqxqtkdiv4m.studio.us-east-2.sagemaker.aws","frecency":160,"lastVisitDate":1734137012975},{"url":"https://qremceurkdqz7vi.studio.us-east-2.sagemaker.aws/studiolab/default/jupyter/lab","host":"qremceurkdqz7vi.studio.us-east-2.sagemaker.aws","frecency":160,"lastVisitDate":1734137009386},{"url":"https://7cqazon5wojnavn.studio.us-east-2.sagemaker.aws/studiolab/default/jupyter/lab","host":"7cqazon5wojnavn.studio.us-east-2.sagemaker.aws","frecency":160,"lastVisitDate":1734136998051},{"url":"https://k1loswutmzyioqo.studio.us-east-2.sagemaker.aws/studiolab/default/jupyter/lab","host":"k1loswutmzyioqo.studio.us-east-2.sagemaker.aws","frecency":160,"lastVisitDate":1734136880353},{"url":"https://cnmmhawiv5wckqe.studio.us-east-2.sagemaker.aws/studiolab/default/jupyter/lab","host":"cnmmhawiv5wckqe.studio.us-east-2.sagemaker.aws","frecency":120,"lastVisitDate":1734140459250},{"url":"https://wab3i2ghuxyt3it.studio.us-east-2.sagemaker.aws/studiolab/default/jupyter/lab","host":"wab3i2ghuxyt3it.studio.us-east-2.sagemaker.aws","frecency":120,"lastVisitDate":1734139224228},{"url":"https://0r6dwtakcuxkbzp.studio.us-east-2.sagemaker.aws/studiolab/default/jupyter/lab","host":"0r6dwtakcuxkbzp.studio.us-east-2.sagemaker.aws","frecency":120,"lastVisitDate":1734139203074},{"url":"https://1fzd8vp9apwaqui.studio.us-east-2.sagemaker.aws/studiolab/default/jupyter/lab","host":"1fzd8vp9apwaqui.studio.us-east-2.sagemaker.aws","frecency":120,"lastVisitDate":1734139061157},{"url":"https://mihgvqftnboqxx8.studio.us-east-2.sagemaker.aws/studiolab/default/jupyter/lab","host":"mihgvqftnboqxx8.studio.us-east-2.sagemaker.aws","frecency":120,"lastVisitDate":1734138928755}],"recentBookmarks":[],"pinnedSites":[],"providerCohorts":{"cfr":"","message-groups":"","messaging-experiments":"","onboarding":""},"totalBookmarksCount":4,"firefoxVersion":133,"region":"GB","needsUpdate":false,"hasPinnedTabs":false,"hasAccessedFxAPanel":false,"userPrefs":{"cfrFeatures":true,"cfrAddons":true},"totalBlockedCount":0,"blockedCountByType":{"trackerCount":0,"cookieCount":0,"cryptominerCount":0,"fingerprinterCount":0,"socialCount":0},"attachedFxAOAuthClients":[],"platformName":"win","isChinaRepack":false,"userId":"4da1be0b-7f10-4d89-a1de-0bd8b90d178c","profileRestartCount":5,"homePageSettings":{"isWebExt":false,"isCustomUrl":false,"urls":[{"url":"about:home","host":""}],"isDefault":true,"isLocked":false},"newtabSettings":{"isWebExt":false,"isCustomUrl":false,"isDefault":true,"url":"about:newtab","host":""},"activeNotifications":false,"isMajorUpgrade":false,"hasActiveEnterprisePolicies":false,"userMonthlyActivity":[[119,"2024-12-12"],[414,"2024-12-13"],[162,"2024-12-14"]],"doesAppNeedPin":false,"doesAppNeedPinUncached":false,"doesAppNeedPrivatePin":false,"launchOnLoginEnabled":false,"isMSIX":false,"isBackgroundTaskMode":false,"backgroundTaskName":null,"userPrefersReducedMotion":true,"distributionId":"","fxViewButtonAreaType":"toolbar","isDefaultHandler":{"html":false,"pdf":false},"defaultPDFHandler":{"registered":true,"knownBrowser":true},"creditCardsSaved":0,"addressesSaved":0,"hasMigratedBookmarks":false,"hasMigratedCSVPasswords":false,"hasMigratedHistory":false,"hasMigratedPasswords":false,"useEmbeddedMigrationWizard":true,"isRTAMO":false,"isDeviceMigration":false,"primaryResolution":{"width":1920,"height":1040},"archBits":64,"systemArch":"x86-64","memoryMB":32297.52734375,"totalSearches":4,"isFirstStartup":false,"activeExperiments":["long-term-holdback-2024-h2-velocity-desktop"],"activeRollouts":["backgroundupdate-enable-unelevated-installations-rollout-3-release","upgrade-spotlight-rollout","launch-firefox-on-os-restart-treatment-a-rollout","phc-rollout","disable-redirects-for-authretries","encrypted-client-hello-fallback-mechanism","fx-accounts-ping-release-rollout-2","fx-view-discoverability-rollout","disable-ads-startup-cache","disabling-chips-for-v131","fox-doodle-and-tail-fox-2024-rollout","consolidated-search-configuration-row-desktop-relaunch","extensions-migration-in-import-wizard-116-rollout"],"previousExperiments":[],"previousRollouts":[],"enrollments":["backgroundupdate-enable-unelevated-installations-rollout-3-release","upgrade-spotlight-rollout","launch-firefox-on-os-restart-treatment-a-rollout","phc-rollout","long-term-holdback-2024-h2-velocity-desktop","disable-redirects-for-authretries","encrypted-client-hello-fallback-mechanism","fx-accounts-ping-release-rollout-2","fx-view-discoverability-rollout","disable-ads-startup-cache","disabling-chips-for-v131","fox-doodle-and-tail-fox-2024-rollout","consolidated-search-configuration-row-desktop-relaunch","extensions-migration-in-import-wizard-116-rollout"],"enrollmentsMap":{"backgroundupdate-enable-unelevated-installations-rollout-3-release":"enabled","upgrade-spotlight-rollout":"treatment","launch-firefox-on-os-restart-treatment-a-rollout":"treatment-a","phc-rollout":"rollout","long-term-holdback-2024-h2-velocity-desktop":"delivery","disable-redirects-for-authretries":"control","encrypted-client-hello-fallback-mechanism":"control","fx-accounts-ping-release-rollout-2":"control","fx-view-discoverability-rollout":"treatment-b","disable-ads-startup-cache":"control","disabling-chips-for-v131":"control","fox-doodle-and-tail-fox-2024-rollout":"treatment-a","consolidated-search-configuration-row-desktop-relaunch":"rollout","extensions-migration-in-import-wizard-116-rollout":"control"}},"version":1}