{"nextId":64,"logins":[{"id":32,"hostname":"https://studiolab.sagemaker.aws","httpRealm":null,"formSubmitURL":"https://studiolab.sagemaker.aws","usernameField":"username","passwordField":"password","encryptedUsername":"MEoEEPgAAAAAAAAAAAAAAAAAAAEwFAYIKoZIhvcNAwcECIkplI/wNufyBCDWjQ9+9OgN4fKcv/cf3aM1XoG5OhP8LiltxHn+WLVIMw==","encryptedPassword":"MDoEEPgAAAAAAAAAAAAAAAAAAAEwFAYIKoZIhvcNAwcECJaOXDwEM8pPBBDd+TbOJz0oY/FH8364ACyK","guid":"{eef3f56b-ab3c-4ed2-9d93-9234a8b8f82f}","encType":1,"timeCreated":1734348372014,"timeLastUsed":1734348372014,"timePasswordChanged":1734348372014,"timesUsed":1,"syncCounter":1,"everSynced":false,"encryptedUnknownFields":"MDIEEPgAAAAAAAAAAAAAAAAAAAEwFAYIKoZIhvcNAwcECLDqzLWzOCPmBAiwWXqzUppFdw=="},{"id":33,"hostname":"https://studiolab.sagemaker.aws","httpRealm":null,"formSubmitURL":"https://studiolab.sagemaker.aws","usernameField":"username","passwordField":"password","encryptedUsername":"MFIEEPgAAAAAAAAAAAAAAAAAAAEwFAYIKoZIhvcNAwcECO0IkMAYOVy4BCjez5MNFXHjUwjQQLo368a4cUyNiNnXaEc6HdKjreuwMrw2odMa2pn1","encryptedPassword":"MDoEEPgAAAAAAAAAAAAAAAAAAAEwFAYIKoZIhvcNAwcECHSstRA2BZ9NBBB/4T84XEuzyJUgnh8U1uN2","guid":"{1416f685-76c9-47dc-8488-5c2f15743f04}","encType":1,"timeCreated":1734348846312,"timeLastUsed":1734348846312,"timePasswordChanged":1734348846312,"timesUsed":1,"syncCounter":1,"everSynced":false,"encryptedUnknownFields":"MDIEEPgAAAAAAAAAAAAAAAAAAAEwFAYIKoZIhvcNAwcECN2IWV6yQyKtBAhzofSdCM6Q5g=="},{"id":34,"hostname":"https://studiolab.sagemaker.aws","httpRealm":null,"formSubmitURL":"https://studiolab.sagemaker.aws","usernameField":"username","passwordField":"password","encryptedUsername":"MEoEEPgAAAAAAAAAAAAAAAAAAAEwFAYIKoZIhvcNAwcECNzIvWmQnXgqBCAkXggHG1GBuEXJ4kpycB1PYShJCtk7s5vNSrluQ28GqA==","encryptedPassword":"MDoEEPgAAAAAAAAAAAAAAAAAAAEwFAYIKoZIhvcNAwcECLUG/08vKyJoBBCxJ5gJMDrmWiU3ob+VaH7E","guid":"{83e8c96a-738e-4992-9a31-47a3795d026a}","encType":1,"timeCreated":1734348872063,"timeLastUsed":1734348872063,"timePasswordChanged":1734348872063,"timesUsed":1,"syncCounter":1,"everSynced":false,"encryptedUnknownFields":"MDIEEPgAAAAAAAAAAAAAAAAAAAEwFAYIKoZIhvcNAwcECCU0D5brxtgtBAiL1DYMeH5rgw=="},{"id":35,"hostname":"https://studiolab.sagemaker.aws","httpRealm":null,"formSubmitURL":"https://studiolab.sagemaker.aws","usernameField":"username","passwordField":"password","encryptedUsername":"MFIEEPgAAAAAAAAAAAAAAAAAAAEwFAYIKoZIhvcNAwcECKkSm55yR4BjBCjDtTnG+fFtQzWUQ1VD4P9MZwCJfOHkgxL4SiOIjdbvTEU9DqcypYqP","encryptedPassword":"MDoEEPgAAAAAAAAAAAAAAAAAAAEwFAYIKoZIhvcNAwcECMze6qSTLtnGBBBqdG1xwoCtgwb3JZDiZSa9","guid":"{7d8b5aad-538f-4201-a16b-d9b3d609fc05}","encType":1,"timeCreated":1734348928754,"timeLastUsed":1734348928754,"timePasswordChanged":1734348928754,"timesUsed":1,"syncCounter":1,"everSynced":false,"encryptedUnknownFields":"MDIEEPgAAAAAAAAAAAAAAAAAAAEwFAYIKoZIhvcNAwcECBn0rAnLrZmQBAjVPVbBDNxTug=="},{"id":36,"hostname":"https://studiolab.sagemaker.aws","httpRealm":null,"formSubmitURL":"https://studiolab.sagemaker.aws","usernameField":"username","passwordField":"password","encryptedUsername":"MEoEEPgAAAAAAAAAAAAAAAAAAAEwFAYIKoZIhvcNAwcECNVHiN9uUm6gBCAutkvVLqkkKlPfajW30ltmZNyjpaRo0NWys9Hki38t/g==","encryptedPassword":"MDoEEPgAAAAAAAAAAAAAAAAAAAEwFAYIKoZIhvcNAwcECIvhxO5dEa5kBBDQqd0gcK99vAjuD9NLo4Jl","guid":"{e5f1a5b7-d2b3-429d-a41a-4257235c5e27}","encType":1,"timeCreated":1734349012821,"timeLastUsed":1734349012821,"timePasswordChanged":1734349012821,"timesUsed":1,"syncCounter":1,"everSynced":false,"encryptedUnknownFields":"MDIEEPgAAAAAAAAAAAAAAAAAAAEwFAYIKoZIhvcNAwcECNnoiJke701oBAjY0m74G2weXg=="},{"id":37,"hostname":"https://studiolab.sagemaker.aws","httpRealm":null,"formSubmitURL":"https://studiolab.sagemaker.aws","usernameField":"username","passwordField":"password","encryptedUsername":"MFIEEPgAAAAAAAAAAAAAAAAAAAEwFAYIKoZIhvcNAwcECKsMbHoC9SQKBChziwJCHrVjvHWQ4M9agpDLzP7LhfdcxUsOkL2uqzBbrfmLY9IlsQF8","encryptedPassword":"MDoEEPgAAAAAAAAAAAAAAAAAAAEwFAYIKoZIhvcNAwcECOz/NDBqE2ipBBB8ptYNJgr1w8pOYdalIbX/","guid":"{f715117f-90c4-4fd1-8a11-af078f49d1bb}","encType":1,"timeCreated":1734349078691,"timeLastUsed":1734349078691,"timePasswordChanged":1734349078691,"timesUsed":1,"syncCounter":1,"everSynced":false,"encryptedUnknownFields":"MDIEEPgAAAAAAAAAAAAAAAAAAAEwFAYIKoZIhvcNAwcECPm+ZuIFK/PDBAia74EBwTzexg=="},{"id":38,"hostname":"https://studiolab.sagemaker.aws","httpRealm":null,"formSubmitURL":"https://studiolab.sagemaker.aws","usernameField":"username","passwordField":"password","encryptedUsername":"MEoEEPgAAAAAAAAAAAAAAAAAAAEwFAYIKoZIhvcNAwcECDhxIq5j0FcABCD2cfCkFu+DM59hDqNorLrKyJNo7ebVfbZWCmH0OGaBjQ==","encryptedPassword":"MDoEEPgAAAAAAAAAAAAAAAAAAAEwFAYIKoZIhvcNAwcECDcqKf6C9SYFBBB9Q1xpPi0zBr9ejZhaQkXq","guid":"{8c72794d-b22d-4e54-b087-3059ebc0c22d}","encType":1,"timeCreated":1734349188003,"timeLastUsed":1734349188003,"timePasswordChanged":1734349188003,"timesUsed":1,"syncCounter":1,"everSynced":false,"encryptedUnknownFields":"MDIEEPgAAAAAAAAAAAAAAAAAAAEwFAYIKoZIhvcNAwcECCVCh31/DFLKBAjgBKRAq9CrcA=="},{"id":39,"hostname":"https://studiolab.sagemaker.aws","httpRealm":null,"formSubmitURL":"https://studiolab.sagemaker.aws","usernameField":"username","passwordField":"password","encryptedUsername":"MEoEEPgAAAAAAAAAAAAAAAAAAAEwFAYIKoZIhvcNAwcECPOhK6kzqdQPBCCRCAOhZ5+k4Mn9r2O9PyvsqVYkBsogMDduIHeyh9Z6Fw==","encryptedPassword":"MDoEEPgAAAAAAAAAAAAAAAAAAAEwFAYIKoZIhvcNAwcECKYor6eGAXkFBBBPLA2oECjBdClWOx8pUkCn","guid":"{a7c7e9e2-bc13-4c6e-8780-f8f6e11c4b1a}","encType":1,"timeCreated":1734349214765,"timeLastUsed":1734349214765,"timePasswordChanged":1734349214765,"timesUsed":1,"syncCounter":1,"everSynced":false,"encryptedUnknownFields":"MDIEEPgAAAAAAAAAAAAAAAAAAAEwFAYIKoZIhvcNAwcECGkg8d5Z2zjqBAgoAQw5UJg5Bw=="},{"id":40,"hostname":"https://studiolab.sagemaker.aws","httpRealm":null,"formSubmitURL":"https://studiolab.sagemaker.aws","usernameField":"username","passwordField":"password","encryptedUsername":"MEoEEPgAAAAAAAAAAAAAAAAAAAEwFAYIKoZIhvcNAwcECA5dbPJ6Iio1BCBWbDzGvUEMq9tMfDFy85yWGcmaZCrMJkkOAbwZYmxG1g==","encryptedPassword":"MDoEEPgAAAAAAAAAAAAAAAAAAAEwFAYIKoZIhvcNAwcECLGqgJoIBeIaBBAMZ/X4jVPAJ3cgT2UEcKC1","guid":"{0cb0dd2e-e65f-47a6-b7fa-a2570239f38a}","encType":1,"timeCreated":1734356463723,"timeLastUsed":1734356463723,"timePasswordChanged":1734356463723,"timesUsed":1,"syncCounter":1,"everSynced":false,"encryptedUnknownFields":"MDIEEPgAAAAAAAAAAAAAAAAAAAEwFAYIKoZIhvcNAwcECPeH4uUIrcfKBAjfsliI7xuy1g=="},{"id":41,"hostname":"https://studiolab.sagemaker.aws","httpRealm":null,"formSubmitURL":"https://studiolab.sagemaker.aws","usernameField":"username","passwordField":"password","encryptedUsername":"MEoEEPgAAAAAAAAAAAAAAAAAAAEwFAYIKoZIhvcNAwcECCjRcr3ISJRbBCDOt9FIHmUp5SLAeXlncgzqITtlDkyjWYXkt1dTUtj2Fg==","encryptedPassword":"MDoEEPgAAAAAAAAAAAAAAAAAAAEwFAYIKoZIhvcNAwcECAFIqkw/AbLHBBBO/uV98SeomMjgVXTZ20G9","guid":"{418439a7-6c49-40e3-a561-163ec594662f}","encType":1,"timeCreated":1734356533347,"timeLastUsed":1734356533347,"timePasswordChanged":1734356533347,"timesUsed":1,"syncCounter":1,"everSynced":false,"encryptedUnknownFields":"MDIEEPgAAAAAAAAAAAAAAAAAAAEwFAYIKoZIhvcNAwcECMnbYg6rSVTTBAiqH48Hr6TiRg=="},{"id":42,"hostname":"https://studiolab.sagemaker.aws","httpRealm":null,"formSubmitURL":"https://studiolab.sagemaker.aws","usernameField":"username","passwordField":"password","encryptedUsername":"MEoEEPgAAAAAAAAAAAAAAAAAAAEwFAYIKoZIhvcNAwcECKtz4iWcGpmiBCAoaxCnVSlt6xQIXsULxn9VKvpznZKRY/f/YNMxouMuYA==","encryptedPassword":"MDoEEPgAAAAAAAAAAAAAAAAAAAEwFAYIKoZIhvcNAwcECCc446PNJ6x+BBB6VaCzuSgYcIlibwfzdB9m","guid":"{63cc4ad5-66c0-423c-a377-af12a15a2afd}","encType":1,"timeCreated":1734356598588,"timeLastUsed":1734356598588,"timePasswordChanged":1734356598588,"timesUsed":1,"syncCounter":1,"everSynced":false,"encryptedUnknownFields":"MDIEEPgAAAAAAAAAAAAAAAAAAAEwFAYIKoZIhvcNAwcECEVylraDg5jXBAj7dHEGlTYoug=="},{"id":43,"hostname":"https://studiolab.sagemaker.aws","httpRealm":null,"formSubmitURL":"https://studiolab.sagemaker.aws","usernameField":"username","passwordField":"password","encryptedUsername":"MEoEEPgAAAAAAAAAAAAAAAAAAAEwFAYIKoZIhvcNAwcECF8l79h3vENuBCDNZEEROcofF4jdbO5L2ncig3fWiNQ6loVsY/oGaIdprg==","encryptedPassword":"MDoEEPgAAAAAAAAAAAAAAAAAAAEwFAYIKoZIhvcNAwcECAzjxr3vPSZ4BBDwg+RaZbZ2IoRslOYBElcZ","guid":"{d52bd9b6-4ab1-48b0-87e3-0b54e7f820da}","encType":1,"timeCreated":1734356752777,"timeLastUsed":1734356762002,"timePasswordChanged":1734356752777,"timesUsed":2,"syncCounter":1,"everSynced":false,"encryptedUnknownFields":null},{"id":44,"hostname":"https://studiolab.sagemaker.aws","httpRealm":null,"formSubmitURL":"https://studiolab.sagemaker.aws","usernameField":"username","passwordField":"password","encryptedUsername":"MEoEEPgAAAAAAAAAAAAAAAAAAAEwFAYIKoZIhvcNAwcECJo29gWXQZpRBCDaUQO5X5HgBbKoXFKrrefsa05tlAGI/E51usfZo7Wfdg==","encryptedPassword":"MDoEEPgAAAAAAAAAAAAAAAAAAAEwFAYIKoZIhvcNAwcECCCSIDMog8rBBBDa7b+RG61h/c8q5BfZGzro","guid":"{942b10cd-f6f0-467b-81c3-5e9aa8b016c6}","encType":1,"timeCreated":1734357013399,"timeLastUsed":1734357926725,"timePasswordChanged":1734357013399,"timesUsed":3,"syncCounter":1,"everSynced":false,"encryptedUnknownFields":null},{"id":45,"hostname":"https://studiolab.sagemaker.aws","httpRealm":null,"formSubmitURL":"https://studiolab.sagemaker.aws","usernameField":"username","passwordField":"password","encryptedUsername":"MFIEEPgAAAAAAAAAAAAAAAAAAAEwFAYIKoZIhvcNAwcECPVld1qNcZB7BCiqxuMClM/zStl60pvzsSXCbtxPaDfHf8XnoWu7vC5TpG6wHyS34joA","encryptedPassword":"MDoEEPgAAAAAAAAAAAAAAAAAAAEwFAYIKoZIhvcNAwcECBUtEB6j4YrTBBC3ZFBaMoEF5gErwA2neHp6","guid":"{7a863ed0-1f53-4ee3-8fbd-ad66b021694b}","encType":1,"timeCreated":1734357103906,"timeLastUsed":1734357103906,"timePasswordChanged":1734357103906,"timesUsed":1,"syncCounter":1,"everSynced":false,"encryptedUnknownFields":"MDIEEPgAAAAAAAAAAAAAAAAAAAEwFAYIKoZIhvcNAwcECAID10/ts3KpBAiehtpB5Yl0Wg=="},{"id":46,"hostname":"https://studiolab.sagemaker.aws","httpRealm":null,"formSubmitURL":"https://studiolab.sagemaker.aws","usernameField":"username","passwordField":"password","encryptedUsername":"MFIEEPgAAAAAAAAAAAAAAAAAAAEwFAYIKoZIhvcNAwcECEthKiMu/t9ZBCi46xsj2GxsJirQw9V44UyjLZ4+xZuZJ780NEh6Tp4xdDAONPF2ZfoD","encryptedPassword":"MDoEEPgAAAAAAAAAAAAAAAAAAAEwFAYIKoZIhvcNAwcECPy06JtL6/44BBD3w3i4Hypt1ZM5Hv2q7Wk4","guid":"{faab8d27-e99d-4e1a-9d20-db466fb44f2d}","encType":1,"timeCreated":1734357170411,"timeLastUsed":1734357170411,"timePasswordChanged":1734357170411,"timesUsed":1,"syncCounter":1,"everSynced":false,"encryptedUnknownFields":"MDIEEPgAAAAAAAAAAAAAAAAAAAEwFAYIKoZIhvcNAwcECDqVenuZcnIoBAjHwKiaE8lUbg=="},{"id":47,"hostname":"https://studiolab.sagemaker.aws","httpRealm":null,"formSubmitURL":"https://studiolab.sagemaker.aws","usernameField":"username","passwordField":"password","encryptedUsername":"MFIEEPgAAAAAAAAAAAAAAAAAAAEwFAYIKoZIhvcNAwcECNTKRFlH8FjjBCiVrBMiWuu+0ZS6kF/9pFX7kypN+JMwoXstIC0e8YCo55MF8Es7VBzW","encryptedPassword":"MDoEEPgAAAAAAAAAAAAAAAAAAAEwFAYIKoZIhvcNAwcECJaRvfmN5XGTBBAT6fq+tpsPHJwPP0hiaMEC","guid":"{c2ff4021-4887-48c1-bbd4-a8c35371fdea}","encType":1,"timeCreated":1734357216974,"timeLastUsed":1734357216974,"timePasswordChanged":1734357216974,"timesUsed":1,"syncCounter":1,"everSynced":false,"encryptedUnknownFields":"MDIEEPgAAAAAAAAAAAAAAAAAAAEwFAYIKoZIhvcNAwcECACYjDGOuDiDBAiw4zFVtcDzVA=="},{"id":48,"hostname":"https://studiolab.sagemaker.aws","httpRealm":null,"formSubmitURL":"https://studiolab.sagemaker.aws","usernameField":"username","passwordField":"password","encryptedUsername":"MEoEEPgAAAAAAAAAAAAAAAAAAAEwFAYIKoZIhvcNAwcECDrzZKe925bUBCDYSSun/TkcCSEfya0MMHwGq2Ja9tI+X4ymOcVxhIXMFA==","encryptedPassword":"MDoEEPgAAAAAAAAAAAAAAAAAAAEwFAYIKoZIhvcNAwcECB5hO+2mDObuBBDy2DL3jCZokYKNOeDwQNP/","guid":"{bd44e771-0bff-4adb-9601-cfb1f3dcc49f}","encType":1,"timeCreated":1734357316675,"timeLastUsed":1734357316675,"timePasswordChanged":1734357316675,"timesUsed":1,"syncCounter":1,"everSynced":false,"encryptedUnknownFields":"MDIEEPgAAAAAAAAAAAAAAAAAAAEwFAYIKoZIhvcNAwcECBFuikybwp9nBAh6RZf0aP3shA=="},{"id":49,"hostname":"https://studiolab.sagemaker.aws","httpRealm":null,"formSubmitURL":"https://studiolab.sagemaker.aws","usernameField":"username","passwordField":"password","encryptedUsername":"MFIEEPgAAAAAAAAAAAAAAAAAAAEwFAYIKoZIhvcNAwcECD+HIrAAYOJ8BCjakhfRkt3rVuweq98GFhKWstiDEgrXX5kVtMXlAJQGd2pL3Z1BWBZC","encryptedPassword":"MDoEEPgAAAAAAAAAAAAAAAAAAAEwFAYIKoZIhvcNAwcECNJUyK4sQbtnBBDha4mPnAsu1t9BNMCJqXIu","guid":"{12be5592-e332-449c-bddc-31153c31798a}","encType":1,"timeCreated":1734357344641,"timeLastUsed":1734357344641,"timePasswordChanged":1734357344641,"timesUsed":1,"syncCounter":1,"everSynced":false,"encryptedUnknownFields":"MDIEEPgAAAAAAAAAAAAAAAAAAAEwFAYIKoZIhvcNAwcECGl2BQzuXg3cBAgVtD3Bi2CGng=="},{"id":50,"hostname":"https://studiolab.sagemaker.aws","httpRealm":null,"formSubmitURL":"https://studiolab.sagemaker.aws","usernameField":"username","passwordField":"password","encryptedUsername":"MFIEEPgAAAAAAAAAAAAAAAAAAAEwFAYIKoZIhvcNAwcECPc7RK/hiAtsBCi59to7NG0r6AeTVHm1d9rVmBjxHScKQOtQqUAJgKbkG0OcDwMiNK3b","encryptedPassword":"MDoEEPgAAAAAAAAAAAAAAAAAAAEwFAYIKoZIhvcNAwcECBZF3nlPEXdLBBA30ITofHktLLFrS5bw1+Zk","guid":"{09cd612b-8e1e-43d2-b47c-d7a37c9142ac}","encType":1,"timeCreated":1734357380018,"timeLastUsed":1734357380018,"timePasswordChanged":1734357380018,"timesUsed":1,"syncCounter":1,"everSynced":false,"encryptedUnknownFields":"MDIEEPgAAAAAAAAAAAAAAAAAAAEwFAYIKoZIhvcNAwcECAyLx/p2QZIMBAhC4t1f2zPvvA=="},{"id":51,"hostname":"https://studiolab.sagemaker.aws","httpRealm":null,"formSubmitURL":"https://studiolab.sagemaker.aws","usernameField":"username","passwordField":"password","encryptedUsername":"MEoEEPgAAAAAAAAAAAAAAAAAAAEwFAYIKoZIhvcNAwcECLTQ7+K7R84ABCDGuI0GDJIF0NAV6BzEiOP/wClb7UF8Y4pAut+0aLj2Jg==","encryptedPassword":"MDoEEPgAAAAAAAAAAAAAAAAAAAEwFAYIKoZIhvcNAwcECP3el/nVwoeyBBAddacnc29ugaA8xnqD+ZNF","guid":"{9d7ad755-acfa-42ca-8754-4bd5d6a1e856}","encType":1,"timeCreated":1734357409692,"timeLastUsed":1734357409692,"timePasswordChanged":1734357409692,"timesUsed":1,"syncCounter":1,"everSynced":false,"encryptedUnknownFields":"MDIEEPgAAAAAAAAAAAAAAAAAAAEwFAYIKoZIhvcNAwcECC0hvUGXHhY7BAgt3kyo57/FNQ=="},{"id":52,"hostname":"https://studiolab.sagemaker.aws","httpRealm":null,"formSubmitURL":"https://studiolab.sagemaker.aws","usernameField":"username","passwordField":"password","encryptedUsername":"MEoEEPgAAAAAAAAAAAAAAAAAAAEwFAYIKoZIhvcNAwcECMchrTC9A0IeBCCxYcQR7S0VUDZpBRw9eDgdoZeyz6tO+qMazMLQ+HbrhQ==","encryptedPassword":"MDoEEPgAAAAAAAAAAAAAAAAAAAEwFAYIKoZIhvcNAwcECIY1SO6unmKyBBAh2ys0/qYH1ptZ3YbIo3Ea","guid":"{613504f3-c6ca-40a0-a4cf-3262a982a29f}","encType":1,"timeCreated":1734357470662,"timeLastUsed":1734357470662,"timePasswordChanged":1734357470662,"timesUsed":1,"syncCounter":1,"everSynced":false,"encryptedUnknownFields":"MDIEEPgAAAAAAAAAAAAAAAAAAAEwFAYIKoZIhvcNAwcECCK7vTlceSSiBAhCAYIZkHkprw=="},{"id":53,"hostname":"https://studiolab.sagemaker.aws","httpRealm":null,"formSubmitURL":"https://studiolab.sagemaker.aws","usernameField":"username","passwordField":"password","encryptedUsername":"MEoEEPgAAAAAAAAAAAAAAAAAAAEwFAYIKoZIhvcNAwcECAKZzY1ajcZdBCA1TokqvKoc9AeOx6HfA2vUT59ZWIXB4umc2WFXIS9xkA==","encryptedPassword":"MDoEEPgAAAAAAAAAAAAAAAAAAAEwFAYIKoZIhvcNAwcECLSkDJ19mV6pBBDCeZbNAXfinEoYXvwO0cBH","guid":"{1ee9dc8e-2e8f-4f04-8971-a34854542e75}","encType":1,"timeCreated":1734357520924,"timeLastUsed":1734357520924,"timePasswordChanged":1734357520924,"timesUsed":1,"syncCounter":1,"everSynced":false,"encryptedUnknownFields":"MDIEEPgAAAAAAAAAAAAAAAAAAAEwFAYIKoZIhvcNAwcECOMgdqTa1RQ4BAga1PEQJxnv3Q=="},{"id":54,"hostname":"https://studiolab.sagemaker.aws","httpRealm":null,"formSubmitURL":"https://studiolab.sagemaker.aws","usernameField":"username","passwordField":"password","encryptedUsername":"MEoEEPgAAAAAAAAAAAAAAAAAAAEwFAYIKoZIhvcNAwcECO0bMqcWP45pBCD723fJIXhRZJPa6U2LRpey5NbBgkHP1p7CcJSN6WPp/Q==","encryptedPassword":"MDoEEPgAAAAAAAAAAAAAAAAAAAEwFAYIKoZIhvcNAwcECCEK5Clq+X7ABBDIM2KyR0c3NiK1ABrei+lN","guid":"{9b4aa581-51ac-4fcc-8c47-21dc78da9b65}","encType":1,"timeCreated":1734358799264,"timeLastUsed":1734358799264,"timePasswordChanged":1734358799264,"timesUsed":1,"syncCounter":1,"everSynced":false,"encryptedUnknownFields":"MDIEEPgAAAAAAAAAAAAAAAAAAAEwFAYIKoZIhvcNAwcECC65IewukEMfBAjLt3x24ruzlg=="},{"id":55,"hostname":"https://studiolab.sagemaker.aws","httpRealm":null,"formSubmitURL":"https://studiolab.sagemaker.aws","usernameField":"username","passwordField":"password","encryptedUsername":"MFIEEPgAAAAAAAAAAAAAAAAAAAEwFAYIKoZIhvcNAwcECL8YU0H47rV8BChDjyirj4CrOWzj1ELSIg1/ksglD9xBFP2fpY2M0WBnYQ7AXss6ZAZu","encryptedPassword":"MDoEEPgAAAAAAAAAAAAAAAAAAAEwFAYIKoZIhvcNAwcECCsa7SNsygRQBBDwF1rNhi4LaIBhD+OyEMWM","guid":"{918229d3-4c4b-4cdd-9b09-3d47bc5e3e49}","encType":1,"timeCreated":1734358831854,"timeLastUsed":1734358831854,"timePasswordChanged":1734358831854,"timesUsed":1,"syncCounter":1,"everSynced":false,"encryptedUnknownFields":"MDIEEPgAAAAAAAAAAAAAAAAAAAEwFAYIKoZIhvcNAwcECFophpbyjwGQBAhv01cmZ4e1LQ=="},{"id":56,"hostname":"https://studiolab.sagemaker.aws","httpRealm":null,"formSubmitURL":"https://studiolab.sagemaker.aws","usernameField":"username","passwordField":"password","encryptedUsername":"MFIEEPgAAAAAAAAAAAAAAAAAAAEwFAYIKoZIhvcNAwcECKWU/vJOcTK0BCjbTgbDc7K4LXGPG7KmvWsJAGkSyHqNdBcmxNFVdcgSPxylOTnILdG4","encryptedPassword":"MDoEEPgAAAAAAAAAAAAAAAAAAAEwFAYIKoZIhvcNAwcECFXdNoo8lLrHBBDJuFEOGv36KJJKxnu7s2Lc","guid":"{c6534ae0-3a91-4755-a52e-0b235c319ebb}","encType":1,"timeCreated":1734358888940,"timeLastUsed":1734358888940,"timePasswordChanged":1734358888940,"timesUsed":1,"syncCounter":1,"everSynced":false,"encryptedUnknownFields":"MDIEEPgAAAAAAAAAAAAAAAAAAAEwFAYIKoZIhvcNAwcECKdkhVh9zKrYBAgpt17zgfR5Mg=="},{"id":57,"hostname":"https://studiolab.sagemaker.aws","httpRealm":null,"formSubmitURL":"https://studiolab.sagemaker.aws","usernameField":"username","passwordField":"password","encryptedUsername":"MFIEEPgAAAAAAAAAAAAAAAAAAAEwFAYIKoZIhvcNAwcECF1Kp6HWZmcUBCi/3hiVHGc/iwAZc9v1hWdDLYbz/1Q+LUn6+h/1IVAyp5eKKagTQni6","encryptedPassword":"MDoEEPgAAAAAAAAAAAAAAAAAAAEwFAYIKoZIhvcNAwcECLL0E0WkPjUVBBBU79n/LlmA10Bhc2BJyYxX","guid":"{1a250a5a-1d16-4991-9288-5b41f6d2fb5f}","encType":1,"timeCreated":1734358919418,"timeLastUsed":1734358919418,"timePasswordChanged":1734358919418,"timesUsed":1,"syncCounter":1,"everSynced":false,"encryptedUnknownFields":"MDIEEPgAAAAAAAAAAAAAAAAAAAEwFAYIKoZIhvcNAwcECPmVR4kNIZY3BAhRq67obA0/BQ=="},{"id":58,"hostname":"https://studiolab.sagemaker.aws","httpRealm":null,"formSubmitURL":"https://studiolab.sagemaker.aws","usernameField":"username","passwordField":"password","encryptedUsername":"MFIEEPgAAAAAAAAAAAAAAAAAAAEwFAYIKoZIhvcNAwcECF58RIlkZqcZBCjGJwqzn/Gd5mhPspbhaX9H+JeTXeEN6srOQy3hvcgHXC38eVpADNJU","encryptedPassword":"MDoEEPgAAAAAAAAAAAAAAAAAAAEwFAYIKoZIhvcNAwcECK7j/oebhUPfBBBwY0YWfoOZEAT+BvJg7uWJ","guid":"{b66cfbeb-7aa7-4a47-93ef-77aaa9cc08e3}","encType":1,"timeCreated":1734359392438,"timeLastUsed":1734359392438,"timePasswordChanged":1734359392438,"timesUsed":1,"syncCounter":1,"everSynced":false,"encryptedUnknownFields":"MDIEEPgAAAAAAAAAAAAAAAAAAAEwFAYIKoZIhvcNAwcECGlak/C1ipf+BAi/rGNSjUvFIA=="},{"id":59,"hostname":"https://studiolab.sagemaker.aws","httpRealm":null,"formSubmitURL":"https://studiolab.sagemaker.aws","usernameField":"username","passwordField":"password","encryptedUsername":"MEoEEPgAAAAAAAAAAAAAAAAAAAEwFAYIKoZIhvcNAwcECEx56eHnWwd3BCBCEDhX8mqfl9dFnc9v3yryZLgLTc+0BMOofpSpKyY6HQ==","encryptedPassword":"MDoEEPgAAAAAAAAAAAAAAAAAAAEwFAYIKoZIhvcNAwcECFBMHEe/5lcdBBA/At8ZoVCb/Rrkukk0m66/","guid":"{7f001020-a967-490c-a0d9-dbf8264db1e8}","encType":1,"timeCreated":1734359414867,"timeLastUsed":1734359672712,"timePasswordChanged":1734359414867,"timesUsed":2,"syncCounter":1,"everSynced":false,"encryptedUnknownFields":null},{"id":60,"hostname":"https://studiolab.sagemaker.aws","httpRealm":null,"formSubmitURL":"https://studiolab.sagemaker.aws","usernameField":"username","passwordField":"password","encryptedUsername":"MEoEEPgAAAAAAAAAAAAAAAAAAAEwFAYIKoZIhvcNAwcECP+qqnIc1C3TBCA8SqBBaHvt35epYBetU0Jp6zZWCMCB266SKXopU4xGZw==","encryptedPassword":"MDoEEPgAAAAAAAAAAAAAAAAAAAEwFAYIKoZIhvcNAwcECDfbAKxzDsTwBBCnqb9RSQe8XLCHheyxnhq8","guid":"{2db8a85e-e39c-4971-ba31-af2d71814934}","encType":1,"timeCreated":1734359479029,"timeLastUsed":1734359479029,"timePasswordChanged":1734359479029,"timesUsed":1,"syncCounter":1,"everSynced":false,"encryptedUnknownFields":"MDIEEPgAAAAAAAAAAAAAAAAAAAEwFAYIKoZIhvcNAwcECCzMyzmPvMp3BAjv4DMbqXCZ3w=="},{"id":61,"hostname":"https://studiolab.sagemaker.aws","httpRealm":null,"formSubmitURL":"https://studiolab.sagemaker.aws","usernameField":"username","passwordField":"password","encryptedUsername":"MFIEEPgAAAAAAAAAAAAAAAAAAAEwFAYIKoZIhvcNAwcECKYdEhp2GG5PBChBN+XxwdGE6bEVUyWqaAFYCoNWDZvYRpmjk7HJZQ3afdUghxa5ajKk","encryptedPassword":"MDoEEPgAAAAAAAAAAAAAAAAAAAEwFAYIKoZIhvcNAwcECMskaRi4EpEwBBAuUVOKuH9JFIe/05k58rEQ","guid":"{6a709d5a-ba60-469e-a4ab-9dd59bd4cac2}","encType":1,"timeCreated":1734359552921,"timeLastUsed":1734359552921,"timePasswordChanged":1734359552921,"timesUsed":1,"syncCounter":1,"everSynced":false,"encryptedUnknownFields":"MDIEEPgAAAAAAAAAAAAAAAAAAAEwFAYIKoZIhvcNAwcECL21pQHjbvhNBAgTKyHBq9u8VQ=="},{"id":62,"hostname":"https://studiolab.sagemaker.aws","httpRealm":null,"formSubmitURL":"https://studiolab.sagemaker.aws","usernameField":"username","passwordField":"password","encryptedUsername":"MFIEEPgAAAAAAAAAAAAAAAAAAAEwFAYIKoZIhvcNAwcECBq4eIuCW5ARBCgY+p5AcGkkelOwVjTJLFqGOBjA6xaXKdtXYFxf740RQlzHHtVqqqqY","encryptedPassword":"MDoEEPgAAAAAAAAAAAAAAAAAAAEwFAYIKoZIhvcNAwcECE2aIlVgmtrYBBCn+DebuOftBcfF+MGngj1X","guid":"{91d8c47e-50d7-4034-ac9e-a0a34bd89a82}","encType":1,"timeCreated":1734359581186,"timeLastUsed":1734359581186,"timePasswordChanged":1734359581186,"timesUsed":1,"syncCounter":1,"everSynced":false,"encryptedUnknownFields":"MDIEEPgAAAAAAAAAAAAAAAAAAAEwFAYIKoZIhvcNAwcECIzoegL/TtrVBAie+6W3YcTjew=="},{"id":63,"hostname":"https://studiolab.sagemaker.aws","httpRealm":null,"formSubmitURL":"https://studiolab.sagemaker.aws","usernameField":"username","passwordField":"password","encryptedUsername":"MFIEEPgAAAAAAAAAAAAAAAAAAAEwFAYIKoZIhvcNAwcECF1dgNP9+iy3BCgd4jahX8PP2kuKwEfFnIXlvJePB+ycPcoS8RRh5fTlvueHNRf+p3ys","encryptedPassword":"MDoEEPgAAAAAAAAAAAAAAAAAAAEwFAYIKoZIhvcNAwcECBr3R3rqce5+BBAV6zhtT3YVHPaP5E94/Ua/","guid":"{0ddd6f0d-3732-455e-bb69-defaf5c6ebf1}","encType":1,"timeCreated":1734359628710,"timeLastUsed":1734359628710,"timePasswordChanged":1734359628710,"timesUsed":1,"syncCounter":1,"everSynced":false,"encryptedUnknownFields":"MDIEEPgAAAAAAAAAAAAAAAAAAAEwFAYIKoZIhvcNAwcECLIUUgz5wKTDBAhVT/6QOVUl/A=="}],"potentiallyVulnerablePasswords":[],"dismissedBreachAlertsByLoginGUID":{},"version":3}