{"formautofill@mozilla.org":{"permissions":["internal:privateBrowsingAllowed","internal:svgContextPropertiesAllowed"],"origins":[]},"pictureinpicture@mozilla.org":{"permissions":["internal:privateBrowsingAllowed","internal:svgContextPropertiesAllowed"],"origins":[]},"screenshots@mozilla.org":{"permissions":["internal:privateBrowsingAllowed","internal:svgContextPropertiesAllowed"],"origins":[]},"webcompat@mozilla.org":{"permissions":["internal:privateBrowsingAllowed","internal:svgContextPropertiesAllowed"],"origins":[]},"default-theme@mozilla.org":{"permissions":["internal:privateBrowsingAllowed","internal:svgContextPropertiesAllowed"],"origins":[]},"addons-search-detection@mozilla.com":{"permissions":["internal:privateBrowsingAllowed","internal:svgContextPropertiesAllowed"],"origins":[]},"@testpilot-containers":{"permissions":["internal:svgContextPropertiesAllowed"],"origins":[]}}