{"schemaVersion":36,"addons":[{"id":"formautofill@mozilla.org","syncGUID":"{65d359ad-fc43-4401-a166-e38e32876883}","version":"1.0.1","type":"extension","loader":null,"updateURL":null,"installOrigins":null,"manifestVersion":2,"optionsURL":null,"optionsType":null,"optionsBrowserStyle":true,"aboutURL":null,"defaultLocale":{"name":"Form Autofill","creator":null,"developers":null,"translators":null,"contributors":null},"visible":true,"active":true,"userDisabled":false,"appDisabled":false,"embedderDisabled":false,"installDate":1733764878000,"updateDate":1733764878000,"applyBackgroundUpdates":1,"path":"C:\\Program Files\\Mozilla Firefox\\browser\\features\\formautofill@mozilla.org.xpi","skinnable":false,"sourceURI":null,"releaseNotesURI":null,"softDisabled":false,"foreignInstall":false,"strictCompatibility":true,"locales":[],"targetApplications":[{"id":"toolkit@mozilla.org","minVersion":null,"maxVersion":null}],"targetPlatforms":[],"signedDate":null,"seen":true,"dependencies":[],"incognito":"spanning","userPermissions":{"permissions":[],"origins":[]},"optionalPermissions":{"permissions":[],"origins":[]},"requestedPermissions":{"permissions":[],"origins":[]},"icons":{},"iconURL":null,"blocklistState":0,"blocklistURL":null,"startupData":null,"hidden":true,"installTelemetryInfo":null,"recommendationState":null,"rootURI":"jar:file:///C:/Program%20Files/Mozilla%20Firefox/browser/features/formautofill@mozilla.org.xpi!/","location":"app-system-defaults"},{"id":"pictureinpicture@mozilla.org","syncGUID":"{53130072-15b3-4477-91d8-8bb40f6b47b3}","version":"1.0.0","type":"extension","loader":null,"updateURL":null,"installOrigins":null,"manifestVersion":2,"optionsURL":null,"optionsType":null,"optionsBrowserStyle":true,"aboutURL":null,"defaultLocale":{"name":"Picture-In-Picture","description":"Fixes for web compatibility with Picture-in-Picture","creator":null,"developers":null,"translators":null,"contributors":null},"visible":true,"active":true,"userDisabled":false,"appDisabled":false,"embedderDisabled":false,"installDate":1733764878000,"updateDate":1733764878000,"applyBackgroundUpdates":1,"path":"C:\\Program Files\\Mozilla Firefox\\browser\\features\\pictureinpicture@mozilla.org.xpi","skinnable":false,"sourceURI":null,"releaseNotesURI":null,"softDisabled":false,"foreignInstall":false,"strictCompatibility":true,"locales":[],"targetApplications":[{"id":"toolkit@mozilla.org","minVersion":"88.0a1","maxVersion":null}],"targetPlatforms":[],"signedDate":null,"seen":true,"dependencies":[],"incognito":"spanning","userPermissions":{"permissions":[],"origins":[]},"optionalPermissions":{"permissions":[],"origins":[]},"requestedPermissions":{"permissions":[],"origins":[]},"icons":{},"iconURL":null,"blocklistState":0,"blocklistURL":null,"startupData":null,"hidden":true,"installTelemetryInfo":null,"recommendationState":null,"rootURI":"jar:file:///C:/Program%20Files/Mozilla%20Firefox/browser/features/pictureinpicture@mozilla.org.xpi!/","location":"app-system-defaults"},{"id":"screenshots@mozilla.org","syncGUID":"{1477318e-e315-4f72-b00d-c6121e1323a5}","version":"39.0.1","type":"extension","loader":null,"updateURL":null,"installOrigins":null,"manifestVersion":2,"optionsURL":null,"optionsType":null,"optionsBrowserStyle":true,"aboutURL":null,"defaultLocale":{"name":"Firefox Screenshots","description":"Take clips and screenshots from the Web and save them temporarily or permanently.","creator":"Mozilla <screenshots-feedback@mozilla.com>","homepageURL":"https://github.com/mozilla-services/screenshots","developers":null,"translators":null,"contributors":null},"visible":true,"active":false,"userDisabled":true,"appDisabled":false,"embedderDisabled":false,"installDate":1733764878000,"updateDate":1733764878000,"applyBackgroundUpdates":1,"path":"C:\\Program Files\\Mozilla Firefox\\browser\\features\\screenshots@mozilla.org.xpi","skinnable":false,"sourceURI":null,"releaseNotesURI":null,"softDisabled":false,"foreignInstall":false,"strictCompatibility":true,"locales":[],"targetApplications":[{"id":"toolkit@mozilla.org","minVersion":"57.0a1","maxVersion":null}],"targetPlatforms":[],"signedDate":null,"seen":true,"dependencies":[],"incognito":"spanning","userPermissions":{"permissions":["activeTab","downloads","tabs","storage","notifications","clipboardWrite","contextMenus","mozillaAddons","telemetry"],"origins":["<all_urls>","https://screenshots.firefox.com/","resource://pdf.js/","about:reader*","https://screenshots.firefox.com/*"]},"optionalPermissions":{"permissions":[],"origins":[]},"requestedPermissions":{"permissions":[],"origins":[]},"icons":{},"iconURL":null,"blocklistState":0,"blocklistURL":null,"startupData":null,"hidden":true,"installTelemetryInfo":null,"recommendationState":null,"rootURI":"jar:file:///C:/Program%20Files/Mozilla%20Firefox/browser/features/screenshots@mozilla.org.xpi!/","location":"app-system-defaults"},{"id":"webcompat-reporter@mozilla.org","syncGUID":"{5397bd40-b976-4c9d-b00b-c562bd62a276}","version":"2.1.0","type":"extension","loader":null,"updateURL":null,"installOrigins":null,"manifestVersion":2,"optionsURL":null,"optionsType":null,"optionsBrowserStyle":true,"aboutURL":null,"defaultLocale":{"name":"WebCompat Reporter","description":"Report site compatibility issues on webcompat.com","creator":"Thomas Wisniewski <twisniewski@mozilla.com>","homepageURL":"https://github.com/mozilla/webcompat-reporter","developers":null,"translators":null,"contributors":null},"visible":true,"active":false,"userDisabled":true,"appDisabled":false,"embedderDisabled":false,"installDate":1733764878000,"updateDate":1733764878000,"applyBackgroundUpdates":1,"path":"C:\\Program Files\\Mozilla Firefox\\browser\\features\\webcompat-reporter@mozilla.org.xpi","skinnable":false,"sourceURI":null,"releaseNotesURI":null,"softDisabled":false,"foreignInstall":false,"strictCompatibility":true,"locales":[],"targetApplications":[{"id":"toolkit@mozilla.org","minVersion":null,"maxVersion":null}],"targetPlatforms":[],"signedDate":null,"seen":true,"dependencies":[],"incognito":"spanning","userPermissions":{"permissions":["tabs"],"origins":["<all_urls>"]},"optionalPermissions":{"permissions":[],"origins":[]},"requestedPermissions":{"permissions":[],"origins":[]},"icons":{"16":"icons/lightbulb.svg","32":"icons/lightbulb.svg","48":"icons/lightbulb.svg","96":"icons/lightbulb.svg","128":"icons/lightbulb.svg"},"iconURL":null,"blocklistState":0,"blocklistURL":null,"startupData":null,"hidden":true,"installTelemetryInfo":null,"recommendationState":null,"rootURI":"jar:file:///C:/Program%20Files/Mozilla%20Firefox/browser/features/webcompat-reporter@mozilla.org.xpi!/","location":"app-system-defaults"},{"id":"webcompat@mozilla.org","syncGUID":"{2a264ea2-209d-4469-8db6-816d238e6af3}","version":"133.4.0","type":"extension","loader":null,"updateURL":null,"installOrigins":null,"manifestVersion":2,"optionsURL":null,"optionsType":null,"optionsBrowserStyle":true,"aboutURL":null,"defaultLocale":{"name":"Web Compatibility Interventions","description":"Urgent post-release fixes for web compatibility.","creator":null,"developers":null,"translators":null,"contributors":null},"visible":true,"active":true,"userDisabled":false,"appDisabled":false,"embedderDisabled":false,"installDate":1733764878000,"updateDate":1733764878000,"applyBackgroundUpdates":1,"path":"C:\\Program Files\\Mozilla Firefox\\browser\\features\\webcompat@mozilla.org.xpi","skinnable":false,"sourceURI":null,"releaseNotesURI":null,"softDisabled":false,"foreignInstall":false,"strictCompatibility":true,"locales":[],"targetApplications":[{"id":"toolkit@mozilla.org","minVersion":"102.0","maxVersion":null}],"targetPlatforms":[],"signedDate":null,"seen":true,"dependencies":[],"incognito":"spanning","userPermissions":{"permissions":["mozillaAddons","scripting","tabs","webNavigation","webRequest","webRequestBlocking"],"origins":["<all_urls>"]},"optionalPermissions":{"permissions":[],"origins":[]},"requestedPermissions":{"permissions":[],"origins":[]},"icons":{},"iconURL":null,"blocklistState":0,"blocklistURL":null,"startupData":null,"hidden":true,"installTelemetryInfo":null,"recommendationState":null,"rootURI":"jar:file:///C:/Program%20Files/Mozilla%20Firefox/browser/features/webcompat@mozilla.org.xpi!/","location":"app-system-defaults"},{"id":"default-theme@mozilla.org","syncGUID":"{4444601f-7f58-4d2c-b6c0-9b002c08aa28}","version":"1.4.1","type":"theme","loader":null,"updateURL":null,"installOrigins":null,"manifestVersion":2,"optionsURL":null,"optionsType":null,"optionsBrowserStyle":true,"aboutURL":null,"defaultLocale":{"name":"System theme — auto","description":"Follow the operating system setting for buttons, menus, and windows.","creator":"Mozilla","developers":null,"translators":null,"contributors":null},"visible":true,"active":true,"userDisabled":false,"appDisabled":false,"embedderDisabled":false,"installDate":1734018383750,"applyBackgroundUpdates":1,"path":null,"skinnable":false,"sourceURI":null,"releaseNotesURI":null,"softDisabled":false,"foreignInstall":false,"strictCompatibility":true,"locales":[],"targetApplications":[{"id":"toolkit@mozilla.org","minVersion":null,"maxVersion":null}],"targetPlatforms":[],"signedDate":null,"seen":true,"dependencies":[],"userPermissions":null,"optionalPermissions":null,"requestedPermissions":null,"icons":{"32":"icon.svg"},"iconURL":null,"blocklistState":0,"blocklistURL":null,"startupData":null,"hidden":false,"installTelemetryInfo":null,"recommendationState":null,"rootURI":"resource://default-theme/","location":"app-builtin"},{"id":"addons-search-detection@mozilla.com","syncGUID":"{4facca49-8c54-4e7e-94e2-3d7ec29eab44}","version":"2.0.0","type":"extension","loader":null,"updateURL":null,"installOrigins":null,"manifestVersion":2,"optionsURL":null,"optionsType":null,"optionsBrowserStyle":true,"aboutURL":null,"defaultLocale":{"name":"Add-ons Search Detection","description":"","creator":null,"developers":null,"translators":null,"contributors":null},"visible":true,"active":true,"userDisabled":false,"appDisabled":false,"embedderDisabled":false,"installDate":1734018386769,"applyBackgroundUpdates":1,"path":null,"skinnable":false,"sourceURI":null,"releaseNotesURI":null,"softDisabled":false,"foreignInstall":false,"strictCompatibility":true,"locales":[],"targetApplications":[{"id":"toolkit@mozilla.org","minVersion":null,"maxVersion":null}],"targetPlatforms":[],"signedDate":null,"seen":true,"dependencies":[],"incognito":"spanning","userPermissions":{"permissions":["telemetry","webRequest","webRequestBlocking"],"origins":["<all_urls>"]},"optionalPermissions":{"permissions":[],"origins":[]},"requestedPermissions":{"permissions":[],"origins":[]},"icons":{},"iconURL":null,"blocklistState":0,"blocklistURL":null,"startupData":null,"hidden":true,"installTelemetryInfo":null,"recommendationState":null,"rootURI":"resource://builtin-addons/search-detection/","location":"app-builtin"},{"id":"firefox-compact-light@mozilla.org","syncGUID":"{04f60975-2656-447f-8e2a-012303442a86}","version":"1.3","type":"theme","loader":null,"updateURL":null,"installOrigins":null,"manifestVersion":2,"optionsURL":null,"optionsType":null,"optionsBrowserStyle":true,"aboutURL":null,"defaultLocale":{"name":"Light","description":"A theme with a light color scheme.","creator":"Mozilla","developers":null,"translators":null,"contributors":null},"visible":true,"active":false,"userDisabled":true,"appDisabled":false,"embedderDisabled":false,"installDate":1734018387159,"applyBackgroundUpdates":1,"path":null,"skinnable":false,"sourceURI":null,"releaseNotesURI":null,"softDisabled":false,"foreignInstall":false,"strictCompatibility":true,"locales":[],"targetApplications":[{"id":"toolkit@mozilla.org","minVersion":null,"maxVersion":null}],"targetPlatforms":[],"signedDate":null,"seen":true,"dependencies":[],"userPermissions":null,"optionalPermissions":null,"requestedPermissions":null,"icons":{"32":"icon.svg"},"iconURL":null,"blocklistState":0,"blocklistURL":null,"startupData":null,"hidden":false,"installTelemetryInfo":null,"recommendationState":null,"rootURI":"resource://builtin-themes/light/","location":"app-builtin"},{"id":"firefox-compact-dark@mozilla.org","syncGUID":"{ddf2ae87-a471-43e4-a02a-4d96c9141bf8}","version":"1.3.2","type":"theme","loader":null,"updateURL":null,"installOrigins":null,"manifestVersion":2,"optionsURL":null,"optionsType":null,"optionsBrowserStyle":true,"aboutURL":null,"defaultLocale":{"name":"Dark","description":"A theme with a dark color scheme.","creator":"Mozilla","developers":null,"translators":null,"contributors":null},"visible":true,"active":false,"userDisabled":true,"appDisabled":false,"embedderDisabled":false,"installDate":1734018387160,"applyBackgroundUpdates":1,"path":null,"skinnable":false,"sourceURI":null,"releaseNotesURI":null,"softDisabled":false,"foreignInstall":false,"strictCompatibility":true,"locales":[],"targetApplications":[{"id":"toolkit@mozilla.org","minVersion":null,"maxVersion":null}],"targetPlatforms":[],"signedDate":null,"seen":true,"dependencies":[],"userPermissions":null,"optionalPermissions":null,"requestedPermissions":null,"icons":{"32":"icon.svg"},"iconURL":null,"blocklistState":0,"blocklistURL":null,"startupData":null,"hidden":false,"installTelemetryInfo":null,"recommendationState":null,"rootURI":"resource://builtin-themes/dark/","location":"app-builtin"},{"id":"firefox-alpenglow@mozilla.org","syncGUID":"{524b9a0a-3314-432d-8e27-4c493fd2c47b}","version":"1.4","type":"theme","loader":null,"updateURL":null,"installOrigins":null,"manifestVersion":2,"optionsURL":null,"optionsType":null,"optionsBrowserStyle":true,"aboutURL":null,"defaultLocale":{"name":"Firefox Alpenglow","description":"Use a colorful appearance for buttons, menus, and windows.","creator":null,"developers":null,"translators":null,"contributors":null},"visible":true,"active":false,"userDisabled":true,"appDisabled":false,"embedderDisabled":false,"installDate":1734018387161,"applyBackgroundUpdates":1,"path":null,"skinnable":false,"sourceURI":null,"releaseNotesURI":null,"softDisabled":false,"foreignInstall":false,"strictCompatibility":true,"locales":[],"targetApplications":[{"id":"toolkit@mozilla.org","minVersion":null,"maxVersion":null}],"targetPlatforms":[],"signedDate":null,"seen":true,"dependencies":[],"userPermissions":null,"optionalPermissions":null,"requestedPermissions":null,"icons":{"32":"icon.svg"},"iconURL":null,"blocklistState":0,"blocklistURL":null,"startupData":null,"hidden":false,"installTelemetryInfo":null,"recommendationState":null,"rootURI":"resource://builtin-themes/alpenglow/","location":"app-builtin"},{"id":"@testpilot-containers","syncGUID":"{c9769d19-47f6-445b-b7f0-bb03385712ea}","version":"8.2.0","type":"extension","loader":null,"updateURL":null,"installOrigins":null,"manifestVersion":2,"optionsURL":"options.html","optionsType":5,"optionsBrowserStyle":true,"aboutURL":null,"defaultLocale":{"name":"Firefox Multi-Account Containers","description":"Multi-Account Containers helps you keep all the parts of your online life contained in different tabs. Custom labels and color-coded tabs help keep different activities — like online shopping, travel planning, or checking work email — separate.","creator":null,"homepageURL":"https://github.com/mozilla/multi-account-containers#readme","developers":null,"translators":null,"contributors":null},"visible":true,"active":true,"userDisabled":false,"appDisabled":false,"embedderDisabled":false,"installDate":1734055006541,"updateDate":1734055006541,"applyBackgroundUpdates":1,"path":"C:\\Users\\Administrator\\AppData\\Roaming\\Mozilla\\Firefox\\Profiles\\1\\extensions\\@testpilot-containers.xpi","skinnable":false,"sourceURI":"https://addons.mozilla.org/firefox/downloads/file/4355970/multi_account_containers-8.2.0.xpi","releaseNotesURI":null,"softDisabled":false,"foreignInstall":false,"strictCompatibility":true,"locales":[{"name":"Firefox Multi-Account Containers","description":"Multi-Account Containers helps you keep all the parts of your online life contained in different tabs. Custom labels and color-coded tabs help keep different activities — like online shopping, travel planning, or checking work email — separate.","creator":null,"homepageURL":"https://github.com/mozilla/multi-account-containers#readme","developers":null,"translators":null,"contributors":null,"locales":["en"]},{"name":"Firefox Multi-Account Containers","description":"Multi-Account Containers を使用すると、オンラインライフのすべての部分を異なるタブに収めることができます。カスタムラベルと色分けされたタブは、さまざまなアクティビティ—オンラインショッピング、旅行計画、仕事用メールのチェックなど—を個別に管理するのに役立ちます。","creator":null,"homepageURL":"https://github.com/mozilla/multi-account-containers#readme","developers":null,"translators":null,"contributors":null,"locales":["ja"]},{"name":"Firefox Multi-Account Containers","description":"Mitme konto konteinerid aitavad sul hoida kõik oma võrguelu osad erinevatel kaartidel. Kohandatud siltide ja värvikoodidega kaartidega on sul võimalik hoida lahus erinevad tegevused — nagu veebipoodlemine, reisimise planeerimine, töö e-posti kontrollimine jne.","creator":null,"homepageURL":"https://github.com/mozilla/multi-account-containers#readme","developers":null,"translators":null,"contributors":null,"locales":["et"]},{"name":"Firefox Multi-Account Containers","description":"Multi-Account Containers helps you keep all the parts of your online life contained in different tabs. Custom labels and color-coded tabs help keep different activities — like online shopping, travel planning, or checking work email — separate.","creator":null,"homepageURL":"https://github.com/mozilla/multi-account-containers#readme","developers":null,"translators":null,"contributors":null,"locales":["oc"]},{"name":"Firefox Multi-Account Containers","description":"Multi-Account Containers hjelper deg med å holde alle delene av livet ditt på nettet i forskjellige faner. Egendefinerte etiketter og fargekodede faner hjelper deg med å holde ulike aktiviteter — som netthandel, reiseplanlegging eller sjekking av jobb-e-post — atskilt.","creator":null,"homepageURL":"https://github.com/mozilla/multi-account-containers#readme","developers":null,"translators":null,"contributors":null,"locales":["nb-NO"]},{"name":"Firefox Multi-Account Containers","description":"O Multi-Account Containers ajuda a manter todas as partes da sua vida online contidas em separadores diferentes. Rótulos personalizados e separadores codificados por cores ajudam a manter separadas atividades diferentes, como compras, planeamento de viagens ou e-mail do trabalho.","creator":null,"homepageURL":"https://github.com/mozilla/multi-account-containers#readme","developers":null,"translators":null,"contributors":null,"locales":["pt-PT"]},{"name":"Firefox Multi-Account Containers","description":"Mae Cynhwysyddion Aml-Gyfrifon yn eich helpu i gadw holl rannau eich bywyd ar-lein mewn gwahanol dabiau. Mae labeli personol a thabiau â chodau lliw yn helpu i gadw gwahanol weithgareddau - fel siopa ar-lein, cynllunio teithio, neu wirio e-bost gwaith - ar wahân.","creator":null,"homepageURL":"https://github.com/mozilla/multi-account-containers#readme","developers":null,"translators":null,"contributors":null,"locales":["cy"]},{"name":"Firefox Multi-Account Containers","description":"Multi-Account Containers vous aide à garder toutes les facettes de votre vie numérique dans différents onglets. Les noms personnalisés et les onglets à code couleur permettent de séparer les différentes activités, telles que les achats en ligne, la planification de voyages ou la consultation des e-mails professionnels.","creator":null,"homepageURL":"https://github.com/mozilla/multi-account-containers#readme","developers":null,"translators":null,"contributors":null,"locales":["fr"]},{"name":"Firefox Multi-Account Containers","description":"Multi-Account Containers ви помага да запазите всички части от вашия онлайн живот в различни раздели. Персонализираните етикети и цветно кодираните раздели помагат за отделяне на различни дейности – като онлайн пазаруване, планиране на пътуване или проверка на служебен имейл.","creator":null,"homepageURL":"https://github.com/mozilla/multi-account-containers#readme","developers":null,"translators":null,"contributors":null,"locales":["bg"]},{"name":"Firefox Multi-Account Containers","description":"Pengaya Multi-Account Containers membantu untuk memilah kehidupan daring Anda ke dalam tab yang berbeda. Label khusus dan tab berkode warna bantu menjaga berbagai aktivitas — seperti belanja daring, rencana perjalanan, atau memeriksa surel kantor — terpisah.","creator":null,"homepageURL":"https://github.com/mozilla/multi-account-containers#readme","developers":null,"translators":null,"contributors":null,"locales":["id"]},{"name":"Firefox Multi-Account Containers","description":"Multi-Account Containers helps you keep all the parts of your online life contained in different tabs. Custom labels and color-coded tabs help keep different activities — like online shopping, travel planning, or checking work email — separate.","creator":null,"homepageURL":"https://github.com/mozilla/multi-account-containers#readme","developers":null,"translators":null,"contributors":null,"locales":["eu"]},{"name":"Firefox Multi-Account Containers","description":"Multi-Account Containers vám pomůže uchovávat všechny části vašeho online života v různých panelech. Vlastní štítky a barevně odlišené panely pomáhají držet různé činnosti – jako třeba nakupování online, plánování cestování nebo kontrolu pracovních e-mailů – odděleně.","creator":null,"homepageURL":"https://github.com/mozilla/multi-account-containers#readme","developers":null,"translators":null,"contributors":null,"locales":["cs"]},{"name":"Firefox Multi-Account Containers","description":"A Multi-Account Containers segítségével online életének minden részét különböző, elszigetelt lapokon tárolhatja. Az egyéni címkék és a színkódolt lapok segítenek megkülönböztetni a különböző tevékenységeket – például az online vásárlást, az utazástervezést vagy a munkahelyi e-mailek ellenőrzését.","creator":null,"homepageURL":"https://github.com/mozilla/multi-account-containers#readme","developers":null,"translators":null,"contributors":null,"locales":["hu"]},{"name":"Firefox Multi-Account Containers","description":"Multi-Account Containers te ayuda a tener todas las partes de tu vida en línea aisladas en diferentes pestañas. Etiquetas personalizadas y pestañas coloreadas te ayudan a mantener diferentes actividades — como compras en línea, planificaciones de viajes o revisar tu correo del trabajo — separadas.","creator":null,"homepageURL":"https://github.com/mozilla/multi-account-containers#readme","developers":null,"translators":null,"contributors":null,"locales":["es-CL"]},{"name":"Firefox Multi-Account Containers","description":"Multi-Account Containers wam pomaga, wšykne źěle wašogo žywjenja online do rozdźělnych rejtarikow rozdźěliś. Swójske etikety a z barwu koděrowane rejtariki pomagaju, rozdźělne aktiwity – ako nakupowanje online, planowanje drogowanjow abo cytanje słužbnych mejlkow – wótgranicowaś.","creator":null,"homepageURL":"https://github.com/mozilla/multi-account-containers#readme","developers":null,"translators":null,"contributors":null,"locales":["dsb"]},{"name":"Firefox Multi-Account Containers","description":"Multi-Account Containers භාවිතයෙන් ඔබගේ මාර්ගගත කටයුතුවල සියළුම කොටස් විවිධ පටිති තුළ තබා ගැනීමට හැකිය. මාර්ගගත සාප්පු සවාරි, චාරිකා සැලසුම්, හෝ කාර්යාල වි-තැපැල් පරීක්‍ෂා කිරීමට ආදී — විවිධ ක්‍රියාකාරකම් පහසුවෙන් හඳුනා ගැනීමට අභිරුචි නම්පත් සහ වර්ණ-කේතිත පටිති යොදා ගන්න.","creator":null,"homepageURL":"https://github.com/mozilla/multi-account-containers#readme","developers":null,"translators":null,"contributors":null,"locales":["si"]},{"name":"Firefox Multi-Account Containers","description":"Multi-Account Containers hjälper dig att hålla alla delar av ditt onlineliv separerade i olika flikar. Anpassade etiketter och färgkodade flikar hjälper till att hålla olika aktiviteter — som onlineshopping, reseplanering eller kolla jobbmejl — åtskilda.","creator":null,"homepageURL":"https://github.com/mozilla/multi-account-containers#readme","developers":null,"translators":null,"contributors":null,"locales":["sv-SE"]},{"name":"Firefox Multi-Account Containers","description":"Multi-Account Container를 사용하면 온라인 생활의 모든 부분을 다양한 탭에 보관할 수 있습니다. 사용자 지정 레이블과 색상으로 구분된 탭은 온라인 쇼핑, 여행 계획 또는 업무 이메일 확인과 같은 다양한 활동을 별도로 유지하는 데 도움이 됩니다.","creator":null,"homepageURL":"https://github.com/mozilla/multi-account-containers#readme","developers":null,"translators":null,"contributors":null,"locales":["ko"]},{"name":"Firefox Multi-Account Containers","description":"Multi-Account Containers ti permette di isolare le diverse parti della tua vita online in schede diverse. Le etichette personalizzate e le schede con codifica colorata aiutano a separare le attività, come lo shopping online, la pianificazione dei viaggi o il controllo della posta elettronica per lavoro.","creator":null,"homepageURL":"https://github.com/mozilla/multi-account-containers#readme","developers":null,"translators":null,"contributors":null,"locales":["it"]},{"name":"Firefox Multi-Account Containers","description":"Multi-Account Containers te ayuda a mantener todas las partes de tu vida en línea contenidas en diferentes pestañas. Etiquetas personalizadas y pestañas con códigos de colores ayudan a mantener diferentes actividades — como compras en línea, planificación de viajes o verificar el correo electrónico del trabajo — separadas.","creator":null,"homepageURL":"https://github.com/mozilla/multi-account-containers#readme","developers":null,"translators":null,"contributors":null,"locales":["es-AR"]},{"name":"Firefox Multi-Account Containers","description":"Kontejnerët e Llogarive të Shumëfishta ju ndihmojnë të mbani krejt anët e jetës tuaj internetore brenda skedash të ndryshme. Etiketa vetjake dhe skeda të koduara përmes ngjyrash ju ndihmojnë t’i mbani veprimtaritë e ndryshme — bie fjala, blerje, planifikim udhëtimesh, apo parje email-esh të punë — ndarazi.","creator":null,"homepageURL":"https://github.com/mozilla/multi-account-containers#readme","developers":null,"translators":null,"contributors":null,"locales":["sq"]},{"name":"Firefox Multi-Account Containers","description":"Multi-Account Containers te ayuda a tener todas las partes de tu vida en línea aisladas en diferentes pestañas. Etiquetas personalizadas y pestañas coloreadas te ayudan a mantener diferentes actividades — como compras en línea, planificación de viajes o revisar tu correo del trabajo — separadas.","creator":null,"homepageURL":"https://github.com/mozilla/multi-account-containers#readme","developers":null,"translators":null,"contributors":null,"locales":["es-MX"]},{"name":"Firefox Multi-Account Containers","description":"Multi-Account Containers helps you keep all the parts of your online life contained in different tabs. Custom labels and color-coded tabs help keep different activities — like online shopping, travel planning, or checking work email — separate.","creator":null,"homepageURL":"https://github.com/mozilla/multi-account-containers#readme","developers":null,"translators":null,"contributors":null,"locales":["th"]},{"name":"Firefox Multi-Account Containers","description":"Multi-Account-Containers hilft Ihnen, alle Teile Ihres Online-Lebens in verschiedene Tabs zu unterteilen. Benutzerdefinierte Etiketten und farbcodierte Tabs helfen dabei, verschiedene Aktivitäten – wie Online-Shopping, Reiseplanung oder das Abrufen von geschäftlichen E-Mails – voneinander zu trennen.","creator":null,"homepageURL":"https://github.com/mozilla/multi-account-containers#readme","developers":null,"translators":null,"contributors":null,"locales":["de"]},{"name":"Firefox Multi-Account Containers","description":"Multi-Account Containers helps you keep all the parts of your online life contained in different tabs. Custom labels and colour-coded tabs help keep different activities — like online shopping, travel planning, or checking work email — separate.","creator":null,"homepageURL":"https://github.com/mozilla/multi-account-containers#readme","developers":null,"translators":null,"contributors":null,"locales":["en-GB"]},{"name":"Firefox Multi-Account Containers","description":"Multi-Account Containers wam pomha, wšě dźěle wašeho žiwjenja online do rozdźělnych rajtarkow rozdźělić. Swójske etikety a z barbu kodowane rajtarki pomhaja, rozdźělne aktiwity – kaž nakupowanje online, planowanje pućowanjow abo čitanje słužbnych mejlkow – wotmjezować.","creator":null,"homepageURL":"https://github.com/mozilla/multi-account-containers#readme","developers":null,"translators":null,"contributors":null,"locales":["hsb"]},{"name":"Firefox Multi-Account Containers","description":"Mei Multi-Account Containers kinne jo alle ûnderdielen fan jo onlinelibben yn ferskate ljepblêden hâlde. Oanpaste labels en kleurkodearre ljepblêden helpe ferskate aktiviteiten – lykas online winkelje, reisplanning of it lêzen fan saaklike e-mail – skieden te hâlden.","creator":null,"homepageURL":"https://github.com/mozilla/multi-account-containers#readme","developers":null,"translators":null,"contributors":null,"locales":["fy-NL"]},{"name":"Firefox Multi-Account Containers","description":"Le contentores multi-conto te adjuta a mantener tote le partes de tu vita in linea continite in schedas differente. Etiquettas personalisate e schedas a codice de color adjuta a tener separate le differente activitates, como: compras in linea, planification de viages o lectura de e-mail de labor.","creator":null,"homepageURL":"https://github.com/mozilla/multi-account-containers#readme","developers":null,"translators":null,"contributors":null,"locales":["ia"]},{"name":"Firefox Multi-Account Containers","description":"Multi-Account Containers 可让您临时或永久地以指定身份打开生活中的网站（小号多开）。名称和颜色皆可自定义，助您分门别类地管理各种活动 — 网络购物、旅行规划、收发工作邮件等等。","creator":null,"homepageURL":"https://github.com/mozilla/multi-account-containers#readme","developers":null,"translators":null,"contributors":null,"locales":["zh-CN"]},{"name":"Firefox Multi-Account Containers","description":"С помощью «Multi-Account Containers» вы можете хранить все аспекты своей работы в Интернете в отдельных независимых вкладках. Пользовательские метки и цветная маркировка помогают разделять покупки в Интернете, планирование поездок, проверку рабочей электронной почты и другую деятельность.","creator":null,"homepageURL":"https://github.com/mozilla/multi-account-containers#readme","developers":null,"translators":null,"contributors":null,"locales":["ru"]},{"name":"Firefox Multi-Account Containers","description":"Doplnok Multi‑Account Containers vám pomôže udržať súčasti vášho online života na rôznych kartách. Vlastné štítky a farebne odlíšené karty pomáhajú oddeliť rôzne aktivity, ako je nakupovanie online, plánovanie ciest alebo kontrola pracovných e‑mailov.","creator":null,"homepageURL":"https://github.com/mozilla/multi-account-containers#readme","developers":null,"translators":null,"contributors":null,"locales":["sk"]},{"name":"Firefox Multi-Account Containers","description":"Multi-Account Containers hjelper deg med å halde alle delane av livet ditt på nettet i forskjellige faner. Eigendefinerte etikettar og fargekoda faner hjelper deg med å halde ulike aktivitetar — som netthandel, reiseplanlegging eller sjekking av jobb-e-post — kvar for seg.","creator":null,"homepageURL":"https://github.com/mozilla/multi-account-containers#readme","developers":null,"translators":null,"contributors":null,"locales":["nn-NO"]},{"name":"Firefox Multi-Account Containers","description":"Функція Multi-Account Containers допомагає користуватися різними частинами вашої роботи в Інтернеті незалежно в різних вкладках. Власні мітки і колір вкладок забезпечують зручність користування для різних цілей окремо, наприклад, покупки, планування подорожі, перевірка робочої електронної пошти.","creator":null,"homepageURL":"https://github.com/mozilla/multi-account-containers#readme","developers":null,"translators":null,"contributors":null,"locales":["uk"]},{"name":"Firefox Multi-Account Containers","description":"Multi-Account Containers -eristystilat auttavat sinua pitämään verkossa tekemäsi asiat toisistaan erillään eri välilehdissä. Mukautetut nimikkeet ja värein merkityt välilehdet mahdollistavat erilaisten toimien — kuten verkko-ostosten, lomasuunnitelmien ja työsähköpostin — eriyttämisen.","creator":null,"homepageURL":"https://github.com/mozilla/multi-account-containers#readme","developers":null,"translators":null,"contributors":null,"locales":["fi"]},{"name":"Firefox Multi-Account Containers","description":"Multi-Account Containers ti permet di isolâ lis variis parts de tô vite in rêt in schedis diversis. Lis etichetis personalizadis e lis schedis cun codifiche colorade a judin a separâ lis ativitâts, come lis compris in rêt, la planificazion dai viaçs o il control de pueste eletroniche par lavôr.","creator":null,"homepageURL":"https://github.com/mozilla/multi-account-containers#readme","developers":null,"translators":null,"contributors":null,"locales":["fur"]},{"name":"Firefox Multi-Account Containers","description":"O Multi-Account Containers ajuda a manter todas as partes de sua vida online contidas em abas diferentes. Rótulos personalizados e abas codificadas por cores ajudam a manter separadas atividades diferentes, como compras, planejamento de viagens ou email do trabalho.","creator":null,"homepageURL":"https://github.com/mozilla/multi-account-containers#readme","developers":null,"translators":null,"contributors":null,"locales":["pt-BR"]},{"name":"Firefox Multi-Account Containers","description":"Το Multi-Account Containers σάς βοηθά να έχετε όλες τις πτυχές της διαδικτυακής σας ζωής σε διαφορετικές καρτέλες. Οι προσαρμοσμένες ετικέτες και τα χρώματα σάς επιτρέπουν να ξεχωρίσετε τις διάφορες δραστηριότητες — αγορές, σχεδιασμός ταξιδιών ή έλεγχος εργασιακού email.","creator":null,"homepageURL":"https://github.com/mozilla/multi-account-containers#readme","developers":null,"translators":null,"contributors":null,"locales":["el"]},{"name":"Firefox Multi-Account Containers","description":"Multi-Account Containers 可透過將網路生活中所需的各種網站封裝於不同容器中，來幫助您管理分頁。自訂標籤及色彩，幫助您分別管理各種活動 — 例如線上購物、行程規劃、收發工作郵件等等。","creator":null,"homepageURL":"https://github.com/mozilla/multi-account-containers#readme","developers":null,"translators":null,"contributors":null,"locales":["zh-TW"]},{"name":"Firefox Multi-Account Containers","description":"ਬਹੁ-ਖਾਤਾ ਕਨਟੇਨਰ ਤੁਹਾਨੂੰ ਤੁਹਾਡੀ ਆਨਲਾਈਨ ਜ਼ਿੰਦਗੀ ਦੇ ਸਾਰੇ ਹਿੱਸਿਆਂ ਨੂੰ ਵੱਖ-ਵੱਖ ਟੈਬਾਂ ਵਿੱਚ ਵੰਡਣ ਲਈ ਮਦਦਗਾਰ ਹਨ। ਵੱਖੋ-ਵੱਖਰੀ ਸਰਗਰਮੀਆਂ ਲਈ ਪਸੰਦੀਦਾ ਲੇਬਲ ਤੇ ਰੰਗ-ਬਰੰਗੀਆਂ ਟੈਬਾਂ ਰੱਖੋ — ਜਿਵੇਂ ਆਨਲਾਈਨ ਖਰੀਦਦਾਰੀ, ਯਾਤਰਾ ਦੀਆਂ ਸਕੀਮਾਂ ਜਾਂ ਕੰਮ ਵਾਲੀਆਂ ਈਮੇਲਾਂ — ਸਭ ਵੱਖੋ-ਵੱਖ।","creator":null,"homepageURL":"https://github.com/mozilla/multi-account-containers#readme","developers":null,"translators":null,"contributors":null,"locales":["pa-IN"]},{"name":"Firefox Multi-Account Containers","description":"З дапамогай «Multi-Account Containers» вы можаце захоўваць усе аспекты сваёй працы ў Інтэрнэце ў асобных незалежных картках. Уласныя меткі і колер картак дапамагаюць падзяляць пакупкі ў Інтэрнэце, планаванне падарожжаў, праверку працоўнай электроннай пошты і іншую дзейнасць.","creator":null,"homepageURL":"https://github.com/mozilla/multi-account-containers#readme","developers":null,"translators":null,"contributors":null,"locales":["be"]},{"name":"Firefox Multi-Account Containers","description":"Multi-Account Containers helps you keep all the parts of your online life contained in different tabs. Custom labels and color-coded tabs help keep different activities — like online shopping, travel planning, or checking work email — separate.","creator":null,"homepageURL":"https://github.com/mozilla/multi-account-containers#readme","developers":null,"translators":null,"contributors":null,"locales":["he"]},{"name":"Firefox Multi-Account Containers","description":"Multi-Account Containers helps you keep all the parts of your online life contained in different tabs. Custom labels and colour-coded tabs help keep different activities — like online shopping, travel planning, or checking work email — separate.","creator":null,"homepageURL":"https://github.com/mozilla/multi-account-containers#readme","developers":null,"translators":null,"contributors":null,"locales":["en-CA"]},{"name":"Firefox Multi-Account Containers","description":"Multi-Account Containers te ayuda a mantener todas las partes de tu vida en línea contenidas en diferentes pestañas. Etiquetas personalizadas y pestañas con códigos de colores ayudan a mantener separadas diferentes actividades, como compras en línea, planificación de viajes o verificar el correo electrónico del trabajo.","creator":null,"homepageURL":"https://github.com/mozilla/multi-account-containers#readme","developers":null,"translators":null,"contributors":null,"locales":["es-ES"]},{"name":"Firefox Multi-Account Containers","description":"Met Multi-Account Containers kunt u alle onderdelen van uw onlineleven in verschillende tabbladen houden. Aangepaste labels en kleurgecodeerde tabbladen helpen verschillende activiteiten – zoals online winkelen, reisplanning of het lezen van zakelijke e-mail – gescheiden te houden.","creator":null,"homepageURL":"https://github.com/mozilla/multi-account-containers#readme","developers":null,"translators":null,"contributors":null,"locales":["nl"]}],"targetApplications":[{"id":"toolkit@mozilla.org","minVersion":"91.1.0","maxVersion":"*"}],"targetPlatforms":[],"signedState":2,"signedTypes":[2,1],"signedDate":1727193013000,"seen":true,"dependencies":[],"incognito":"not_allowed","userPermissions":{"permissions":["activeTab","cookies","contextMenus","contextualIdentities","history","idle","management","storage","unlimitedStorage","tabs","webRequestBlocking","webRequest"],"origins":["<all_urls>"]},"optionalPermissions":{"permissions":["bookmarks","browsingData","nativeMessaging","proxy"],"origins":[]},"requestedPermissions":{"permissions":[],"origins":[]},"icons":{"48":"img/multiaccountcontainer-16.svg","96":"img/multiaccountcontainer-16.svg"},"iconURL":null,"blocklistState":0,"blocklistURL":null,"startupData":null,"hidden":false,"installTelemetryInfo":{"source":"amo","sourceURL":"https://addons.mozilla.org/en-US/firefox/addon/multi-account-containers/","method":"amWebAPI"},"recommendationState":{"validNotAfter":1884981012000,"validNotBefore":1727193012000,"states":["line"]},"rootURI":"jar:file:///C:/Users/Administrator/AppData/Roaming/Mozilla/Firefox/Profiles/1/extensions/@testpilot-containers.xpi!/","location":"app-profile"}]}