{"nextId":56,"logins":[{"id":29,"hostname":"https://studiolab.sagemaker.aws","httpRealm":null,"formSubmitURL":"https://studiolab.sagemaker.aws","usernameField":"username","passwordField":"password","encryptedUsername":"MFIEEPgAAAAAAAAAAAAAAAAAAAEwFAYIKoZIhvcNAwcECIOEUHK8o8wTBCgsaam3/BxUYuUpTflwqS4mz5vosKqN48l6LpiDU3bvSiIichkVwqfh","encryptedPassword":"MDoEEPgAAAAAAAAAAAAAAAAAAAEwFAYIKoZIhvcNAwcECFKN0gJ4UW/vBBAFocFC01zenusK/zXXX1r7","guid":"{4f3a51bb-9ae8-4982-955e-a46cbbc818f7}","encType":1,"timeCreated":1734227524232,"timeLastUsed":1734227524232,"timePasswordChanged":1734227524232,"timesUsed":1,"syncCounter":1,"everSynced":false,"encryptedUnknownFields":"MDIEEPgAAAAAAAAAAAAAAAAAAAEwFAYIKoZIhvcNAwcECID+RPPMmsInBAi+fbVPuHIcZQ=="},{"id":30,"hostname":"https://studiolab.sagemaker.aws","httpRealm":null,"formSubmitURL":"https://studiolab.sagemaker.aws","usernameField":"username","passwordField":"password","encryptedUsername":"MFIEEPgAAAAAAAAAAAAAAAAAAAEwFAYIKoZIhvcNAwcECKPnNpCrYWkzBChNj/l6xyJlD1gAj4gfILYelYD/JxOyDW4o1h+/ILfH3FNUvW1dkP7X","encryptedPassword":"MDoEEPgAAAAAAAAAAAAAAAAAAAEwFAYIKoZIhvcNAwcECH8dW1FyNVfFBBB4qIrO64YXCC1TA5p4GM8d","guid":"{63acf8f9-4ddb-497a-b09f-100a31c15ee9}","encType":1,"timeCreated":1734227834804,"timeLastUsed":1734227834804,"timePasswordChanged":1734227834804,"timesUsed":1,"syncCounter":1,"everSynced":false,"encryptedUnknownFields":"MDIEEPgAAAAAAAAAAAAAAAAAAAEwFAYIKoZIhvcNAwcECGLgIxdG1O0QBAh6iSh3NMnkRw=="},{"id":31,"hostname":"https://studiolab.sagemaker.aws","httpRealm":null,"formSubmitURL":"https://studiolab.sagemaker.aws","usernameField":"username","passwordField":"password","encryptedUsername":"MFIEEPgAAAAAAAAAAAAAAAAAAAEwFAYIKoZIhvcNAwcECE+dj0lsGiwMBChosnp6BzLt/bRdJpjGU1KDpvQZISrNzT1tzsqnqsU5y9E7XwGtQ2Ej","encryptedPassword":"MDoEEPgAAAAAAAAAAAAAAAAAAAEwFAYIKoZIhvcNAwcECNqbKd7t0ymyBBDfdIeYp3vDWLbBHtlLwsgE","guid":"{dcbce63e-25dd-43b3-928f-3c87ef7a908b}","encType":1,"timeCreated":1734227894789,"timeLastUsed":1734227894789,"timePasswordChanged":1734227894789,"timesUsed":1,"syncCounter":1,"everSynced":false,"encryptedUnknownFields":"MDIEEPgAAAAAAAAAAAAAAAAAAAEwFAYIKoZIhvcNAwcECGbCPJge2VzXBAg41un4uQ3nBA=="},{"id":32,"hostname":"https://studiolab.sagemaker.aws","httpRealm":null,"formSubmitURL":"https://studiolab.sagemaker.aws","usernameField":"username","passwordField":"password","encryptedUsername":"MFIEEPgAAAAAAAAAAAAAAAAAAAEwFAYIKoZIhvcNAwcECOOLF4/ZdvZnBCjyzOdUlFvAzMfV7l6GonyuMG0pCHSC0t9hMsg6LzWBtEiiOFA4ZSpu","encryptedPassword":"MDoEEPgAAAAAAAAAAAAAAAAAAAEwFAYIKoZIhvcNAwcECPmSsGzPgaTNBBAp4jN3xx+8OLm0fuHe2tSq","guid":"{bb74503c-05bc-4a3a-b234-e218cf71044f}","encType":1,"timeCreated":1734228115668,"timeLastUsed":1734228115668,"timePasswordChanged":1734228115668,"timesUsed":1,"syncCounter":1,"everSynced":false,"encryptedUnknownFields":"MDIEEPgAAAAAAAAAAAAAAAAAAAEwFAYIKoZIhvcNAwcECNkQSQ2WFba5BAiE/RgzFtNztg=="},{"id":33,"hostname":"https://studiolab.sagemaker.aws","httpRealm":null,"formSubmitURL":"https://studiolab.sagemaker.aws","usernameField":"username","passwordField":"password","encryptedUsername":"MFIEEPgAAAAAAAAAAAAAAAAAAAEwFAYIKoZIhvcNAwcECN0Q0p4lSnujBCiZdAPzGlCNwIFII42Lt6Ex9wwQaHLEggVPnwEyyrIr2iYMvkm1Gsqm","encryptedPassword":"MDoEEPgAAAAAAAAAAAAAAAAAAAEwFAYIKoZIhvcNAwcECIUwK8YQNNV9BBAzteRIuwNwNAa6F7njHjXk","guid":"{fae3d920-6773-4544-8ec2-550a9b4f594c}","encType":1,"timeCreated":1734228162177,"timeLastUsed":1734228162177,"timePasswordChanged":1734228162177,"timesUsed":1,"syncCounter":1,"everSynced":false,"encryptedUnknownFields":"MDIEEPgAAAAAAAAAAAAAAAAAAAEwFAYIKoZIhvcNAwcECP9xaireJwxVBAg/SHDNbqiciQ=="},{"id":34,"hostname":"https://studiolab.sagemaker.aws","httpRealm":null,"formSubmitURL":"https://studiolab.sagemaker.aws","usernameField":"username","passwordField":"password","encryptedUsername":"MEoEEPgAAAAAAAAAAAAAAAAAAAEwFAYIKoZIhvcNAwcECBkcKQMFMaSXBCCqgKVdM/IjWv2/ejLOLOMJRqBELXgeQOfSAOMq+3szzw==","encryptedPassword":"MDoEEPgAAAAAAAAAAAAAAAAAAAEwFAYIKoZIhvcNAwcECIUcdIDInRB8BBB5Jv7q4rVaOuCyAT3/0XGT","guid":"{5873f648-0cb2-4388-b84f-2a5df0b20f1a}","encType":1,"timeCreated":1734228198132,"timeLastUsed":1734228198132,"timePasswordChanged":1734228198132,"timesUsed":1,"syncCounter":1,"everSynced":false,"encryptedUnknownFields":"MDIEEPgAAAAAAAAAAAAAAAAAAAEwFAYIKoZIhvcNAwcECLHqI07Xd0z3BAjfglY3VB9SKw=="},{"id":35,"hostname":"https://studiolab.sagemaker.aws","httpRealm":null,"formSubmitURL":"https://studiolab.sagemaker.aws","usernameField":"username","passwordField":"password","encryptedUsername":"MFIEEPgAAAAAAAAAAAAAAAAAAAEwFAYIKoZIhvcNAwcECDmqgMAsE5fYBCiMwqanVO8CkFgJR2/oo4Aeimg49STRE68HOlHKu0XgtwQEl1v8IR+H","encryptedPassword":"MDoEEPgAAAAAAAAAAAAAAAAAAAEwFAYIKoZIhvcNAwcECEZ7Z26yjo/aBBBlW4r10kwZwgCbDIC1lbjW","guid":"{2b14d3d6-f20f-43c6-9aff-aaedb447745d}","encType":1,"timeCreated":1734228267053,"timeLastUsed":1734228267053,"timePasswordChanged":1734228267053,"timesUsed":1,"syncCounter":1,"everSynced":false,"encryptedUnknownFields":"MDIEEPgAAAAAAAAAAAAAAAAAAAEwFAYIKoZIhvcNAwcECFjEqrWxbd34BAg8V3kQgX1wMA=="},{"id":36,"hostname":"https://studiolab.sagemaker.aws","httpRealm":null,"formSubmitURL":"https://studiolab.sagemaker.aws","usernameField":"username","passwordField":"password","encryptedUsername":"MFIEEPgAAAAAAAAAAAAAAAAAAAEwFAYIKoZIhvcNAwcECFUNlYJjHS6lBCgUpOdT7ioGtkFGZOax2aKgwY5YqdhrUzSHgv9yVsVNoh0uG+SctOO5","encryptedPassword":"MDoEEPgAAAAAAAAAAAAAAAAAAAEwFAYIKoZIhvcNAwcECIZJXS7FJ6wbBBDR8oTIOeTIGMbSnj1sftzK","guid":"{10a64bf1-64c8-4b74-b639-09a15729ff1b}","encType":1,"timeCreated":1734228604739,"timeLastUsed":1734228604739,"timePasswordChanged":1734228604739,"timesUsed":1,"syncCounter":1,"everSynced":false,"encryptedUnknownFields":"MDIEEPgAAAAAAAAAAAAAAAAAAAEwFAYIKoZIhvcNAwcECBIepN3FTeqHBAjKcEC+U54Zjw=="},{"id":37,"hostname":"https://studiolab.sagemaker.aws","httpRealm":null,"formSubmitURL":"https://studiolab.sagemaker.aws","usernameField":"username","passwordField":"password","encryptedUsername":"MFIEEPgAAAAAAAAAAAAAAAAAAAEwFAYIKoZIhvcNAwcECFjLWKPvhOEjBCi/O3KRht3sDlMFUNWqESHh2M6kcHxWKY6aIRzGwx2nah6sr8DdOC9e","encryptedPassword":"MDoEEPgAAAAAAAAAAAAAAAAAAAEwFAYIKoZIhvcNAwcECDvFDs8wWom8BBBx2/PUKbtuE8fTVK+BQNT5","guid":"{dc726921-493e-48a9-92d4-13bfd097bab8}","encType":1,"timeCreated":1734228629500,"timeLastUsed":1734228629500,"timePasswordChanged":1734228629500,"timesUsed":1,"syncCounter":1,"everSynced":false,"encryptedUnknownFields":"MDIEEPgAAAAAAAAAAAAAAAAAAAEwFAYIKoZIhvcNAwcECBxj5lFiLgOdBAg6to/a0pARgQ=="},{"id":38,"hostname":"https://studiolab.sagemaker.aws","httpRealm":null,"formSubmitURL":"https://studiolab.sagemaker.aws","usernameField":"username","passwordField":"password","encryptedUsername":"MFIEEPgAAAAAAAAAAAAAAAAAAAEwFAYIKoZIhvcNAwcECIuXlWNWJ/LFBCiX5y/jW6yen3mY/azGyHp3amY6o6iSdrthhx0JFXmEQwIJ3TJ0c4oD","encryptedPassword":"MDoEEPgAAAAAAAAAAAAAAAAAAAEwFAYIKoZIhvcNAwcECOkoBgoKMUoqBBDcKIJN1jFNJUFJLcmX+hGh","guid":"{116b2aa6-b90a-4d0a-aece-7ee938117fe7}","encType":1,"timeCreated":1734228655272,"timeLastUsed":1734228655272,"timePasswordChanged":1734228655272,"timesUsed":1,"syncCounter":1,"everSynced":false,"encryptedUnknownFields":"MDIEEPgAAAAAAAAAAAAAAAAAAAEwFAYIKoZIhvcNAwcECHnJ98y5Q809BAggeMH8M4mrSg=="},{"id":39,"hostname":"https://studiolab.sagemaker.aws","httpRealm":null,"formSubmitURL":"https://studiolab.sagemaker.aws","usernameField":"username","passwordField":"password","encryptedUsername":"MFIEEPgAAAAAAAAAAAAAAAAAAAEwFAYIKoZIhvcNAwcECKpfi6PEcbf0BCizYjPU6MWLIXBwXTd55PzaDcyNPSilGA5UJ+l30OpIdwLdlSAAJ5SZ","encryptedPassword":"MDoEEPgAAAAAAAAAAAAAAAAAAAEwFAYIKoZIhvcNAwcECOUFtB1Ta2+NBBDupoSokFd1rF62zKCWjdHm","guid":"{2af62d2c-fa5e-4dc9-aafe-bc650d6628d8}","encType":1,"timeCreated":1734228684825,"timeLastUsed":1734228684825,"timePasswordChanged":1734228684825,"timesUsed":1,"syncCounter":1,"everSynced":false,"encryptedUnknownFields":"MDIEEPgAAAAAAAAAAAAAAAAAAAEwFAYIKoZIhvcNAwcECE4NwrYPbrbqBAjTAPW0IWSvYQ=="},{"id":40,"hostname":"https://studiolab.sagemaker.aws","httpRealm":null,"formSubmitURL":"https://studiolab.sagemaker.aws","usernameField":"username","passwordField":"password","encryptedUsername":"MEoEEPgAAAAAAAAAAAAAAAAAAAEwFAYIKoZIhvcNAwcECHgX5R52V+bkBCCGri+W/sDiqfEn05iYjisG9rbjU0gtbuX+HQ/8IOgEhg==","encryptedPassword":"MDoEEPgAAAAAAAAAAAAAAAAAAAEwFAYIKoZIhvcNAwcECBmBASECydKCBBBXMWy66Uv5PhXv2KbNiZJm","guid":"{07a559ee-be74-42a2-8b0a-9f7ac6efb97e}","encType":1,"timeCreated":1734228753700,"timeLastUsed":1734229116640,"timePasswordChanged":1734228753700,"timesUsed":2,"syncCounter":1,"everSynced":false,"encryptedUnknownFields":null},{"id":41,"hostname":"https://studiolab.sagemaker.aws","httpRealm":null,"formSubmitURL":"https://studiolab.sagemaker.aws","usernameField":"username","passwordField":"password","encryptedUsername":"MEoEEPgAAAAAAAAAAAAAAAAAAAEwFAYIKoZIhvcNAwcECIEYEa1/06jXBCDcAn/Qrnjh+jRhlY2EAX/dPkdqcWYVBdmoVJX97/x8Jw==","encryptedPassword":"MDoEEPgAAAAAAAAAAAAAAAAAAAEwFAYIKoZIhvcNAwcECGyHG0V8hJHjBBBS3h6fx5IQrAG/2Z69JsSf","guid":"{991df4de-d40d-46d6-bbcc-1b322752da1c}","encType":1,"timeCreated":1734228940551,"timeLastUsed":1734229017781,"timePasswordChanged":1734228940551,"timesUsed":3,"syncCounter":1,"everSynced":false,"encryptedUnknownFields":null},{"id":42,"hostname":"https://studiolab.sagemaker.aws","httpRealm":null,"formSubmitURL":"https://studiolab.sagemaker.aws","usernameField":"username","passwordField":"password","encryptedUsername":"MFIEEPgAAAAAAAAAAAAAAAAAAAEwFAYIKoZIhvcNAwcECPN3QABbI4A8BChDMCjeDJdXbypkTB2fPhQUB+6VBM348CZ3HFunhHk50exNrVivUG2/","encryptedPassword":"MDoEEPgAAAAAAAAAAAAAAAAAAAEwFAYIKoZIhvcNAwcECPnpH3PODjP0BBD0lOaqR1UgsOrMNUAQGtzo","guid":"{16956e41-8bab-4c3d-91c6-856e87dd9553}","encType":1,"timeCreated":1734229519013,"timeLastUsed":1734229519013,"timePasswordChanged":1734229519013,"timesUsed":1,"syncCounter":1,"everSynced":false,"encryptedUnknownFields":"MDIEEPgAAAAAAAAAAAAAAAAAAAEwFAYIKoZIhvcNAwcECIVZ50xIW6RUBAgVUX+6PpIvZA=="},{"id":43,"hostname":"https://studiolab.sagemaker.aws","httpRealm":null,"formSubmitURL":"https://studiolab.sagemaker.aws","usernameField":"username","passwordField":"password","encryptedUsername":"MFIEEPgAAAAAAAAAAAAAAAAAAAEwFAYIKoZIhvcNAwcECAh67/HxSbPRBChfb+fObZQvziVQ1zj5+c998f+SNnmDJxBWV5g9xC1ZN4a4K1A5Ktfh","encryptedPassword":"MDoEEPgAAAAAAAAAAAAAAAAAAAEwFAYIKoZIhvcNAwcECHUGdvClFVM3BBB7Y2eplg2+DI1WEZ3ooz0P","guid":"{c57c10ab-08e5-4c52-a54d-5953f609a952}","encType":1,"timeCreated":1734229544134,"timeLastUsed":1734229544134,"timePasswordChanged":1734229544134,"timesUsed":1,"syncCounter":1,"everSynced":false,"encryptedUnknownFields":"MDIEEPgAAAAAAAAAAAAAAAAAAAEwFAYIKoZIhvcNAwcECLz6hib6o+VYBAgOPBf9mC7ryg=="},{"id":44,"hostname":"https://studiolab.sagemaker.aws","httpRealm":null,"formSubmitURL":"https://studiolab.sagemaker.aws","usernameField":"username","passwordField":"password","encryptedUsername":"MEoEEPgAAAAAAAAAAAAAAAAAAAEwFAYIKoZIhvcNAwcECIsFiSDMIEGrBCD/APgYRTbi5OrOnx1ZaCP4jDzczLNB5ADOpsYPcMEQQA==","encryptedPassword":"MDoEEPgAAAAAAAAAAAAAAAAAAAEwFAYIKoZIhvcNAwcECBOL/davVKSzBBCbfUm0F2i1aIIrml1k7Lxu","guid":"{24c0fa38-af46-48ba-a37b-24084b00d968}","encType":1,"timeCreated":1734229626782,"timeLastUsed":1734229626782,"timePasswordChanged":1734229626782,"timesUsed":1,"syncCounter":1,"everSynced":false,"encryptedUnknownFields":"MDIEEPgAAAAAAAAAAAAAAAAAAAEwFAYIKoZIhvcNAwcECLwWHIeuhcoDBAgrCvzjXFKIKQ=="},{"id":45,"hostname":"https://studiolab.sagemaker.aws","httpRealm":null,"formSubmitURL":"https://studiolab.sagemaker.aws","usernameField":"username","passwordField":"password","encryptedUsername":"MFIEEPgAAAAAAAAAAAAAAAAAAAEwFAYIKoZIhvcNAwcECPd5Y7d1HX5HBCiVftCWAUYEe1a9mJAqWQMRmuCsrZzH54wgCpzitRgZMqjvkqZ/f4qL","encryptedPassword":"MDoEEPgAAAAAAAAAAAAAAAAAAAEwFAYIKoZIhvcNAwcECORZP/0/8HiaBBDk2lQOWXoOAdHEOZf6KTxz","guid":"{493450af-2d3a-498f-bb38-fe007bfa471a}","encType":1,"timeCreated":1734229756258,"timeLastUsed":1734229756258,"timePasswordChanged":1734229756258,"timesUsed":1,"syncCounter":1,"everSynced":false,"encryptedUnknownFields":"MDIEEPgAAAAAAAAAAAAAAAAAAAEwFAYIKoZIhvcNAwcECPh+/0ePSSvXBAiaUlSW3cqXUg=="},{"id":46,"hostname":"https://studiolab.sagemaker.aws","httpRealm":null,"formSubmitURL":"https://studiolab.sagemaker.aws","usernameField":"username","passwordField":"password","encryptedUsername":"MEoEEPgAAAAAAAAAAAAAAAAAAAEwFAYIKoZIhvcNAwcECD9Ouf1Q8MoABCDRQlFsR4GIBnqxdTYurfFvf2KRh1FujUQUGdTVDIMAmw==","encryptedPassword":"MDoEEPgAAAAAAAAAAAAAAAAAAAEwFAYIKoZIhvcNAwcECJC+8kgUaHyqBBBD2qqNRKObZTWl8CwnpUvc","guid":"{bac23327-ecce-45e1-a81b-ff1a2c2da73e}","encType":1,"timeCreated":1734229895582,"timeLastUsed":1734229895582,"timePasswordChanged":1734229895582,"timesUsed":1,"syncCounter":1,"everSynced":false,"encryptedUnknownFields":"MDIEEPgAAAAAAAAAAAAAAAAAAAEwFAYIKoZIhvcNAwcECBfJLB0hRcvhBAgGP7fNMVOxpQ=="},{"id":47,"hostname":"https://studiolab.sagemaker.aws","httpRealm":null,"formSubmitURL":"https://studiolab.sagemaker.aws","usernameField":"username","passwordField":"password","encryptedUsername":"MFIEEPgAAAAAAAAAAAAAAAAAAAEwFAYIKoZIhvcNAwcECEycNbbho16fBCi2IsE7KHCD+31AKTD3lz7u7+QOydm12FNRdW1RvyVulc30QUG6n66S","encryptedPassword":"MDoEEPgAAAAAAAAAAAAAAAAAAAEwFAYIKoZIhvcNAwcECALZ5G9SJ8WjBBCh0zmY9nw1PUOEQAFcZky0","guid":"{517783c8-f967-493a-80ec-77717100e24a}","encType":1,"timeCreated":1734230058831,"timeLastUsed":1734230067887,"timePasswordChanged":1734230058831,"timesUsed":2,"syncCounter":1,"everSynced":false,"encryptedUnknownFields":null},{"id":48,"hostname":"https://studiolab.sagemaker.aws","httpRealm":null,"formSubmitURL":"https://studiolab.sagemaker.aws","usernameField":"username","passwordField":"password","encryptedUsername":"MFIEEPgAAAAAAAAAAAAAAAAAAAEwFAYIKoZIhvcNAwcECCDgG2iUx/EJBCiMU2HPCJbskAkDU0NAXThtcyIUQ3SrJTodfLQsy6wi4mRBMQy9Bg2o","encryptedPassword":"MDoEEPgAAAAAAAAAAAAAAAAAAAEwFAYIKoZIhvcNAwcECKTwjKEhvY21BBC+wtR4G05drGQ1M22Qxh2q","guid":"{f03e41c3-23fd-4e65-8500-2d99b4fb7e3e}","encType":1,"timeCreated":1734230150279,"timeLastUsed":1734230150279,"timePasswordChanged":1734230150279,"timesUsed":1,"syncCounter":1,"everSynced":false,"encryptedUnknownFields":"MDIEEPgAAAAAAAAAAAAAAAAAAAEwFAYIKoZIhvcNAwcECOMKgEDKRtvPBAgWKkKF+IWR1g=="},{"id":49,"hostname":"https://studiolab.sagemaker.aws","httpRealm":null,"formSubmitURL":"https://studiolab.sagemaker.aws","usernameField":"username","passwordField":"password","encryptedUsername":"MFIEEPgAAAAAAAAAAAAAAAAAAAEwFAYIKoZIhvcNAwcECGsj8cQB7cQ4BCjUzkU+ta8ou37oD4qWkPaHelcXq8TFpYejkH/JuMs1auCEQM+eg+K8","encryptedPassword":"MDoEEPgAAAAAAAAAAAAAAAAAAAEwFAYIKoZIhvcNAwcECBebz3bADcvUBBCklE7hNxKFara8RfnHRcPF","guid":"{857bd075-fce9-4bae-b765-2742480dd908}","encType":1,"timeCreated":1734230174664,"timeLastUsed":1734230174664,"timePasswordChanged":1734230174664,"timesUsed":1,"syncCounter":1,"everSynced":false,"encryptedUnknownFields":"MDIEEPgAAAAAAAAAAAAAAAAAAAEwFAYIKoZIhvcNAwcECBbdA/k0nncBBAj9VrB0jXczVA=="},{"id":50,"hostname":"https://studiolab.sagemaker.aws","httpRealm":null,"formSubmitURL":"https://studiolab.sagemaker.aws","usernameField":"username","passwordField":"password","encryptedUsername":"MFIEEPgAAAAAAAAAAAAAAAAAAAEwFAYIKoZIhvcNAwcECFzhbC2zFqZeBCiNi40p50mLjWQo6wYQH9Vm4cCcWXhCVHTOIf7WDIhFYlI1tkZjax0L","encryptedPassword":"MDoEEPgAAAAAAAAAAAAAAAAAAAEwFAYIKoZIhvcNAwcECLilvI6NJPN8BBCAf+yYVUwtIkhsQHPTi5Kh","guid":"{d5a34ece-1e81-4a92-a6b3-f380a4f347b5}","encType":1,"timeCreated":1734230200529,"timeLastUsed":1734230200529,"timePasswordChanged":1734230200529,"timesUsed":1,"syncCounter":1,"everSynced":false,"encryptedUnknownFields":"MDIEEPgAAAAAAAAAAAAAAAAAAAEwFAYIKoZIhvcNAwcECGXJ4q+EbtVJBAgPC3P5EZ6YlQ=="},{"id":51,"hostname":"https://studiolab.sagemaker.aws","httpRealm":null,"formSubmitURL":"https://studiolab.sagemaker.aws","usernameField":"username","passwordField":"password","encryptedUsername":"MEoEEPgAAAAAAAAAAAAAAAAAAAEwFAYIKoZIhvcNAwcECDb68zuCcQUABCAol1Wu4GP1l4w7gv9OhGzI20pQbZoyMbhAVDabjALccw==","encryptedPassword":"MDoEEPgAAAAAAAAAAAAAAAAAAAEwFAYIKoZIhvcNAwcECO1g4JMDbaYBBBBUbV4OW1cZBJEsHRzlDGdU","guid":"{798354df-1b1b-4cb4-8c1a-6499e32cd537}","encType":1,"timeCreated":1734230722772,"timeLastUsed":1734230722772,"timePasswordChanged":1734230722772,"timesUsed":1,"syncCounter":1,"everSynced":false,"encryptedUnknownFields":"MDIEEPgAAAAAAAAAAAAAAAAAAAEwFAYIKoZIhvcNAwcECO5xqhh4/XqCBAgpbhL18wJ2Rg=="},{"id":52,"hostname":"https://studiolab.sagemaker.aws","httpRealm":null,"formSubmitURL":"https://studiolab.sagemaker.aws","usernameField":"username","passwordField":"password","encryptedUsername":"MEoEEPgAAAAAAAAAAAAAAAAAAAEwFAYIKoZIhvcNAwcECKEIotsPynN2BCA3h75+7vbHEmTz0pBWDbwk+pZN4NAYIEFTAHuS3d2rEg==","encryptedPassword":"MDoEEPgAAAAAAAAAAAAAAAAAAAEwFAYIKoZIhvcNAwcECEwi4r2Vn0obBBA6sMZauOe7P5Ve/QYBrLY9","guid":"{1133ff20-48d5-4874-a46d-d626a3467eef}","encType":1,"timeCreated":1734230774162,"timeLastUsed":1734230774162,"timePasswordChanged":1734230774162,"timesUsed":1,"syncCounter":1,"everSynced":false,"encryptedUnknownFields":"MDIEEPgAAAAAAAAAAAAAAAAAAAEwFAYIKoZIhvcNAwcECDxZorl3inBxBAiOs1BIcp3+2Q=="},{"id":53,"hostname":"https://studiolab.sagemaker.aws","httpRealm":null,"formSubmitURL":"https://studiolab.sagemaker.aws","usernameField":"username","passwordField":"password","encryptedUsername":"MFIEEPgAAAAAAAAAAAAAAAAAAAEwFAYIKoZIhvcNAwcECP6Hi8yRCMM1BChgjh/zFPoR+mOeg9nPSxpm/EGPSnHbMWYBiP+XPVI4oI1qnUS0plw6","encryptedPassword":"MDoEEPgAAAAAAAAAAAAAAAAAAAEwFAYIKoZIhvcNAwcECGcZySrxOttgBBBhIfJM8uGF1fJ8BDojzKcC","guid":"{f8a80bbd-76b4-4dba-b14b-988ec15ff5ec}","encType":1,"timeCreated":1734230877229,"timeLastUsed":1734230877229,"timePasswordChanged":1734230877229,"timesUsed":1,"syncCounter":1,"everSynced":false,"encryptedUnknownFields":"MDIEEPgAAAAAAAAAAAAAAAAAAAEwFAYIKoZIhvcNAwcECPSBfvfHHm1mBAjDFIwH6MYeCw=="},{"id":54,"hostname":"https://studiolab.sagemaker.aws","httpRealm":null,"formSubmitURL":"https://studiolab.sagemaker.aws","usernameField":"username","passwordField":"password","encryptedUsername":"MFIEEPgAAAAAAAAAAAAAAAAAAAEwFAYIKoZIhvcNAwcECAhwUMBxWjRkBCg9nAKhXAF+As/XM5MGEZOSeW4rSXhwdhW6XPErRYs8G1PQ1z2Mpn6U","encryptedPassword":"MDoEEPgAAAAAAAAAAAAAAAAAAAEwFAYIKoZIhvcNAwcECK0NO5lKiRUvBBC21Rr+E9iTpDLuR4cGgp9E","guid":"{7d35f18e-68d3-443b-a0b4-b44f57d4cadc}","encType":1,"timeCreated":1734230932621,"timeLastUsed":1734230932621,"timePasswordChanged":1734230932621,"timesUsed":1,"syncCounter":1,"everSynced":false,"encryptedUnknownFields":"MDIEEPgAAAAAAAAAAAAAAAAAAAEwFAYIKoZIhvcNAwcECAUR0y/QyxUhBAicKtHPyXX5KA=="},{"id":55,"hostname":"https://studiolab.sagemaker.aws","httpRealm":null,"formSubmitURL":"https://studiolab.sagemaker.aws","usernameField":"username","passwordField":"password","encryptedUsername":"MEoEEPgAAAAAAAAAAAAAAAAAAAEwFAYIKoZIhvcNAwcECIxRfqZV98U2BCBFcSOLZ37MBejYO5CPfhPziwfUzyfT1Hpl29rw76YijA==","encryptedPassword":"MDoEEPgAAAAAAAAAAAAAAAAAAAEwFAYIKoZIhvcNAwcECD0REHfVEzGLBBC87Nc9u1FD/AthwqTM6Rnq","guid":"{3186e95c-9e38-4595-a0b5-dc4eb5371f4e}","encType":1,"timeCreated":1734230974289,"timeLastUsed":1734230974289,"timePasswordChanged":1734230974289,"timesUsed":1,"syncCounter":1,"everSynced":false,"encryptedUnknownFields":"MDIEEPgAAAAAAAAAAAAAAAAAAAEwFAYIKoZIhvcNAwcECKj5YzWkFN3OBAgoVusMbKslRw=="}],"potentiallyVulnerablePasswords":[],"dismissedBreachAlertsByLoginGUID":{},"version":3}